Unresolved Issues,Ending output file name,Row#,Figure,Panel,Trace Name (FORMULA!),Trace Name (part),Trace Name (part),Trace Name (part),Assay code,"Starting input data file name(s) (separate file names with a semicolon "";"")",Reference file name,"Script name and version (in order, separated by comma)","Script parameters  (in order, separated by semi colon)"
,composite_combined.svg,1,1,-,Nuc_(H3-MNase)_Mock_MN,Nuc,H3-MNase,Mock,MN,MNase_H3_MHS_01101sacCer3_shift73.tab,"Xu_2009_ORF_TSS_TES_V64.gff (HSP42:YDR171W, RPL3:YOR063W, REB1:YBR049C)",quantile_norm_singlebase_bin_strandness.py;Composite_for_many_factors_one_plot.py,();-w 20
,composite_combined.svg,2,1,-,Nuc_(H3-MNase)_3min_MN,Nuc,H3-MNase,3min,MN,MNase_H3_HS_01102sacCer3_shift73.tab,"Xu_2009_ORF_TSS_TES_V64.gff (HSP42:YDR171W, RPL3:YOR063W, REB1:YBR049C)",quantile_norm_singlebase_bin_strandness.py;Composite_for_many_factors_one_plot.py,();-w 20
,composite_combined.svg,3,1,-,H2AZ_(Htz1)_Mock_XO,H2AZ,Htz1,Mock,XO,50416sacCer3.tab,"Xu_2009_ORF_TSS_TES_V64.gff (HSP42:YDR171W, RPL3:YOR063W, REB1:YBR049C)",quantile_norm_singlebase_bin_strandness.py;Composite_for_many_factors_one_plot.py,();-w 20
,composite_combined.svg,4,1,-,H2AZ_(Htz1)_3min_XO,H2AZ,Htz1,3min,XO,50417sacCer3.tab,"Xu_2009_ORF_TSS_TES_V64.gff (HSP42:YDR171W, RPL3:YOR063W, REB1:YBR049C)",quantile_norm_singlebase_bin_strandness.py;Composite_for_many_factors_one_plot.py,();-w 20
,composite_combined.svg,5,1,-,SAGA_(Spt3)_Mock_XO,SAGA,Spt3,Mock,XO,50525sacCer3.tab,"Xu_2009_ORF_TSS_TES_V64.gff (HSP42:YDR171W, RPL3:YOR063W, REB1:YBR049C)",quantile_norm_singlebase_bin_strandness.py;Composite_for_many_factors_one_plot.py,();-w 20
,composite_combined.svg,6,1,-,SAGA_(Spt3)_3min_XO,SAGA,Spt3,3min,XO,50526sacCer3.tab,"Xu_2009_ORF_TSS_TES_V64.gff (HSP42:YDR171W, RPL3:YOR063W, REB1:YBR049C)",quantile_norm_singlebase_bin_strandness.py;Composite_for_many_factors_one_plot.py,();-w 20
,composite_combined.svg,7,1,-,Hsf1_(Hsf1)_Mock_XO,Hsf1,Hsf1,Mock,XO,53301sacCer3.tab,"Xu_2009_ORF_TSS_TES_V64.gff (HSP42:YDR171W, RPL3:YOR063W, REB1:YBR049C)",quantile_norm_singlebase_bin_strandness.py;Composite_for_many_factors_one_plot.py,();-w 20
,composite_combined.svg,8,1,-,Hsf1_(Hsf1)_3min_XO,Hsf1,Hsf1,3min,XO,53302sacCer3.tab,"Xu_2009_ORF_TSS_TES_V64.gff (HSP42:YDR171W, RPL3:YOR063W, REB1:YBR049C)",quantile_norm_singlebase_bin_strandness.py;Composite_for_many_factors_one_plot.py,();-w 20
,composite_combined.svg,9,1,-,TFIIB_(Sua7)_Mock_XO,TFIIB,Sua7,Mock,XO,50428sacCer3.tab,"Xu_2009_ORF_TSS_TES_V64.gff (HSP42:YDR171W, RPL3:YOR063W, REB1:YBR049C)",quantile_norm_singlebase_bin_strandness.py;Composite_for_many_factors_one_plot.py,();-w 20
,composite_combined.svg,10,1,-,TFIIB_(Sua7)_3min_XO,TFIIB,Sua7,3min,XO,50429sacCer3.tab,"Xu_2009_ORF_TSS_TES_V64.gff (HSP42:YDR171W, RPL3:YOR063W, REB1:YBR049C)",quantile_norm_singlebase_bin_strandness.py;Composite_for_many_factors_one_plot.py,();-w 20
,composite_combined.svg,11,1,-,TFIIH_(Ssl2)_Mock_XO,TFIIH,Ssl2,Mock,XO,50519sacCer3.tab,"Xu_2009_ORF_TSS_TES_V64.gff (HSP42:YDR171W, RPL3:YOR063W, REB1:YBR049C)",quantile_norm_singlebase_bin_strandness.py;Composite_for_many_factors_one_plot.py,();-w 20
,composite_combined.svg,12,1,-,TFIIH_(Ssl2)_3min_XO,TFIIH,Ssl2,3min,XO,50520sacCer3.tab,"Xu_2009_ORF_TSS_TES_V64.gff (HSP42:YDR171W, RPL3:YOR063W, REB1:YBR049C)",quantile_norm_singlebase_bin_strandness.py;Composite_for_many_factors_one_plot.py,();-w 20
,composite_combined.svg,13,1,-,FACT_(Spt16)_Mock_XO,FACT,Spt16,Mock,XO,53407sacCer3.tab,"Xu_2009_ORF_TSS_TES_V64.gff (HSP42:YDR171W, RPL3:YOR063W, REB1:YBR049C)",quantile_norm_singlebase_bin_strandness.py;Composite_for_many_factors_one_plot.py,();-w 20
,composite_combined.svg,14,1,-,FACT_(Spt16)_3min_XO,FACT,Spt16,3min,XO,53408sacCer3.tab,"Xu_2009_ORF_TSS_TES_V64.gff (HSP42:YDR171W, RPL3:YOR063W, REB1:YBR049C)",quantile_norm_singlebase_bin_strandness.py;Composite_for_many_factors_one_plot.py,();-w 20
,composite_combined.svg,15,1,-,Pol II_(Rpb3)_Mock_XO,Pol II,Rpb3,Mock,XO,53824sacCer3.tab,"Xu_2009_ORF_TSS_TES_V64.gff (HSP42:YDR171W, RPL3:YOR063W, REB1:YBR049C)",quantile_norm_singlebase_bin_strandness.py;Composite_for_many_factors_one_plot.py,();-w 20
,composite_combined.svg,16,1,-,Pol II_(Rpb3)_3min_XO,Pol II,Rpb3,3min,XO,53825sacCer3.tab,"Xu_2009_ORF_TSS_TES_V64.gff (HSP42:YDR171W, RPL3:YOR063W, REB1:YBR049C)",quantile_norm_singlebase_bin_strandness.py;Composite_for_many_factors_one_plot.py,();-w 20
,composite_combined.svg,17,1,-,Pol II_(Ser7p)_Mock_XO,Pol II,Ser7p,Mock,XO,53814sacCer3.tab,"Xu_2009_ORF_TSS_TES_V64.gff (HSP42:YDR171W, RPL3:YOR063W, REB1:YBR049C)",quantile_norm_singlebase_bin_strandness.py;Composite_for_many_factors_one_plot.py,();-w 20
,composite_combined.svg,18,1,-,Pol II_(Ser7p)_3min_XO,Pol II,Ser7p,3min,XO,53815sacCer3.tab,"Xu_2009_ORF_TSS_TES_V64.gff (HSP42:YDR171W, RPL3:YOR063W, REB1:YBR049C)",quantile_norm_singlebase_bin_strandness.py;Composite_for_many_factors_one_plot.py,();-w 20
,composite_combined.svg,19,1,-,Pol II_(Ser5p)_Mock_XO,Pol II,Ser5p,Mock,XO,53811sacCer3.tab,"Xu_2009_ORF_TSS_TES_V64.gff (HSP42:YDR171W, RPL3:YOR063W, REB1:YBR049C)",quantile_norm_singlebase_bin_strandness.py;Composite_for_many_factors_one_plot.py,();-w 20
,composite_combined.svg,20,1,-,Pol II_(Ser5p)_3min_XO,Pol II,Ser5p,3min,XO,53812sacCer3.tab,"Xu_2009_ORF_TSS_TES_V64.gff (HSP42:YDR171W, RPL3:YOR063W, REB1:YBR049C)",quantile_norm_singlebase_bin_strandness.py;Composite_for_many_factors_one_plot.py,();-w 20
,composite_combined.svg,21,1,-,Pol II_(Ser2p)_Mock_XO,Pol II,Ser2p,Mock,XO,53809sacCer3.tab,"Xu_2009_ORF_TSS_TES_V64.gff (HSP42:YDR171W, RPL3:YOR063W, REB1:YBR049C)",quantile_norm_singlebase_bin_strandness.py;Composite_for_many_factors_one_plot.py,();-w 20
,composite_combined.svg,22,1,-,Pol II_(Ser2p)_3min_XO,Pol II,Ser2p,3min,XO,53810sacCer3.tab,"Xu_2009_ORF_TSS_TES_V64.gff (HSP42:YDR171W, RPL3:YOR063W, REB1:YBR049C)",quantile_norm_singlebase_bin_strandness.py;Composite_for_many_factors_one_plot.py,();-w 20
,composite_combined.svg,23,1,-,TFIIB_(PIP-seq)_Mock_XO,TFIIB,PIP-seq,Mock,XO,56422sacCer3.tab,"Xu_2009_ORF_TSS_TES_V64.gff (HSP42:YDR171W, RPL3:YOR063W, REB1:YBR049C)",quantile_norm_singlebase_bin_strandness.py;Composite_for_many_factors_one_plot.py,();-w 20
,composite_combined.svg,24,1,-,TFIIB_(PIP-seq)_3min_XO,TFIIB,PIP-seq,3min,XO,56423sacCer3.tab,"Xu_2009_ORF_TSS_TES_V64.gff (HSP42:YDR171W, RPL3:YOR063W, REB1:YBR049C)",quantile_norm_singlebase_bin_strandness.py;Composite_for_many_factors_one_plot.py,();-w 20
,,25,,,_()__,,,,,,,,
,MNase_H3_MHS_01101sacCer3_shift73.cdt,26,2,A,Nuc_(H3-MNase)_Mock_MN,Nuc,H3-MNase,Mock,MN,MNase_H3_MHS_01101sacCer3_shift73.tab,ALL-RP-SAGA-TFIID-SUT-CUT-XUT_TSS-TES-MID_sortedby_geneLength.gff,quantile_norm_singlebase_bin.py; map_shifted_tags_to_ref.py; sort_CDT_by_given_file.py,();-u 2000 -d 2000;-o 2
,Htz1_i5006_BY4741_-_YPD_HS0min_XO211_vuv4-140518_Pugh50416sacCer3.cdt,27,2,A,H2AZ_(Htz1)_Mock_XO,H2AZ,Htz1,Mock,XO,Htz1_i5006_BY4741_-_YPD_HS0min_XO211_vuv4-140518_Pugh50416sacCer3.tab,ALL-RP-SAGA-TFIID-SUT-CUT-XUT_TSS-TES-MID_sortedby_geneLength.gff,quantile_norm_singlebase_bin.py; map_shifted_tags_to_ref.py; sort_CDT_by_given_file.py,();-u 2000 -d 2000;-o 2
,Swr1_i5006_BY4741_-_YPD_HS0min_XO211_vuv4-140518_Pugh50513sacCer3.cdt,28,2,A,SWR1_(Swr1)_Mock_XO,SWR1,Swr1,Mock,XO,Swr1_i5006_BY4741_-_YPD_HS0min_XO211_vuv4-140518_Pugh50513sacCer3.tab,ALL-RP-SAGA-TFIID-SUT-CUT-XUT_TSS-TES-MID_sortedby_geneLength.gff,quantile_norm_singlebase_bin.py; map_shifted_tags_to_ref.py; sort_CDT_by_given_file.py,();-u 2000 -d 2000;-o 2
,Rsc9_i5006_BY4741_-_YPD_HS0min_XO211_vuv4-140518_Pugh50501sacCer3.cdt,29,2,A,RSC_(Rsc9)_Mock_XO,RSC,Rsc9,Mock,XO,Rsc9_i5006_BY4741_-_YPD_HS0min_XO211_vuv4-140518_Pugh50501sacCer3.tab,ALL-RP-SAGA-TFIID-SUT-CUT-XUT_TSS-TES-MID_sortedby_geneLength.gff,quantile_norm_singlebase_bin.py; map_shifted_tags_to_ref.py; sort_CDT_by_given_file.py,();-u 2000 -d 2000;-o 2
,Spt3_i5006_BY4741_-_YPD_HS0min_XO211_vuv4-140518_Pugh50525sacCer3.cdt,30,2,A,SAGA_(Spt3)_Mock_XO,SAGA,Spt3,Mock,XO,Spt3_i5006_BY4741_-_YPD_HS0min_XO211_vuv4-140518_Pugh50525sacCer3.tab,ALL-RP-SAGA-TFIID-SUT-CUT-XUT_TSS-TES-MID_sortedby_geneLength.gff,quantile_norm_singlebase_bin.py; map_shifted_tags_to_ref.py; sort_CDT_by_given_file.py,();-u 2000 -d 2000;-o 2
,Tbp1_HS0-53319sacCer3.cdt,31,2,A,TBP_(Spt15)_Mock_XO,TBP,Spt15,Mock,XO,Tbp1_HS0-53319sacCer3.tab,ALL-RP-SAGA-TFIID-SUT-CUT-XUT_TSS-TES-MID_sortedby_geneLength.gff,quantile_norm_singlebase_bin.py; map_shifted_tags_to_ref.py; sort_CDT_by_given_file.py,();-u 2000 -d 2000;-o 2
,Sua7-HS0min_XO211_vuv4-140518_Pugh50428sacCer3.cdt,32,2,A,TFIIB_(Sua7)_Mock_XO,TFIIB,Sua7,Mock,XO,Sua7-HS0min_XO211_vuv4-140518_Pugh50428sacCer3.tab,ALL-RP-SAGA-TFIID-SUT-CUT-XUT_TSS-TES-MID_sortedby_geneLength.gff,quantile_norm_singlebase_bin.py; map_shifted_tags_to_ref.py; sort_CDT_by_given_file.py,();-u 2000 -d 2000;-o 2
,Taf1_i5006_BY4741_-_YPD_HS0min_XO211_vuv4-140518_Pugh50531sacCer3.cdt,33,2,A,TFIID_(Taf1)_Mock_XO,TFIID,Taf1,Mock,XO,Taf1_i5006_BY4741_-_YPD_HS0min_XO211_vuv4-140518_Pugh50531sacCer3.tab,ALL-RP-SAGA-TFIID-SUT-CUT-XUT_TSS-TES-MID_sortedby_geneLength.gff,quantile_norm_singlebase_bin.py; map_shifted_tags_to_ref.py; sort_CDT_by_given_file.py,();-u 2000 -d 2000;-o 2
,Ssl2_i5006_BY4741_-_YPD_HS0min_XO211_vuv4-140518_Pugh50519sacCer3.cdt,34,2,A,TFIIH_(Ssl2)_Mock_XO,TFIIH,Ssl2,Mock,XO,Ssl2_i5006_BY4741_-_YPD_HS0min_XO211_vuv4-140518_Pugh50519sacCer3.tab,ALL-RP-SAGA-TFIID-SUT-CUT-XUT_TSS-TES-MID_sortedby_geneLength.gff,quantile_norm_singlebase_bin.py; map_shifted_tags_to_ref.py; sort_CDT_by_given_file.py,();-u 2000 -d 2000;-o 2
,Rpb3_i5006_BY4741_-_YPD_HS0_XO611_vuv4-141124_Pugh54513sacCer3.cdt,35,2,A,Pol II_(Rpb3)_Mock_XO,Pol II,Rpb3,Mock,XO,Rpb3_i5006_BY4741_-_YPD_HS0_XO611_vuv4-141124_Pugh54513sacCer3.tab,ALL-RP-SAGA-TFIID-SUT-CUT-XUT_TSS-TES-MID_sortedby_geneLength.gff,quantile_norm_singlebase_bin.py; map_shifted_tags_to_ref.py; sort_CDT_by_given_file.py,();-u 2000 -d 2000;-o 2
,Spt16_MHS_51825sacCer3.cdt,36,2,A,FACT_(Spt16)_Mock_XO,FACT,Spt16,Mock,XO,Spt16_MHS_51825sacCer3.tab,ALL-RP-SAGA-TFIID-SUT-CUT-XUT_TSS-TES-MID_sortedby_geneLength.gff,quantile_norm_singlebase_bin.py; map_shifted_tags_to_ref.py; sort_CDT_by_given_file.py,();-u 2000 -d 2000;-o 2
,NoTAG_i5006_BY4741_-_YPD_-_XO311_vuv4-141007_Pugh53803sacCer3.cdt,37,2,A,BY4741_(No tag)_Mock_XO,BY4741,No tag,Mock,XO,NoTAG_i5006_BY4741_-_YPD_-_XO311_vuv4-141007_Pugh53803sacCer3.tab,ALL-RP-SAGA-TFIID-SUT-CUT-XUT_TSS-TES-MID_sortedby_geneLength.gff,quantile_norm_singlebase_bin.py; map_shifted_tags_to_ref.py; sort_CDT_by_given_file.py,();-u 2000 -d 2000;-o 2
,MNase_H3_HS_01102sacCer3_shift73.cdt,38,2,B,Nuc_(H3-MNase)_3min_MN,Nuc,H3-MNase,3min,MN,MNase_H3_HS_01102sacCer3_shift73.tab,ALL-RP-SAGA-TFIID-SUT-CUT-XUT_TSS-TES-MID_sortedby_geneLength.gff,quantile_norm_singlebase_bin.py; map_shifted_tags_to_ref.py; sort_CDT_by_given_file.py,();-u 2000 -d 2000;-o 2
,Htz1_i5006_BY4741_-_YPD_HS3min_XO211_vuv4-140518_Pugh50417sacCer3.cdt,39,2,B,H2AZ_(Htz1)_3min_XO,H2AZ,Htz1,3min,XO,Htz1_i5006_BY4741_-_YPD_HS3min_XO211_vuv4-140518_Pugh50417sacCer3.tab,ALL-RP-SAGA-TFIID-SUT-CUT-XUT_TSS-TES-MID_sortedby_geneLength.gff,quantile_norm_singlebase_bin.py; map_shifted_tags_to_ref.py; sort_CDT_by_given_file.py,();-u 2000 -d 2000;-o 2
,Swr1_i5006_BY4741_-_YPD_HS3min_XO211_vuv4-140518_Pugh50514sacCer3.cdt,40,2,B,SWR1_(Swr1)_3min_XO,SWR1,Swr1,3min,XO,Swr1_i5006_BY4741_-_YPD_HS3min_XO211_vuv4-140518_Pugh50514sacCer3.tab,ALL-RP-SAGA-TFIID-SUT-CUT-XUT_TSS-TES-MID_sortedby_geneLength.gff,quantile_norm_singlebase_bin.py; map_shifted_tags_to_ref.py; sort_CDT_by_given_file.py,();-u 2000 -d 2000;-o 2
,Rsc9_i5006_BY4741_-_YPD_HS3min_XO211_vuv4-140518_Pugh50502sacCer3.cdt,41,2,B,RSC_(Rsc9)_3min_XO,RSC,Rsc9,3min,XO,Rsc9_i5006_BY4741_-_YPD_HS3min_XO211_vuv4-140518_Pugh50502sacCer3.tab,ALL-RP-SAGA-TFIID-SUT-CUT-XUT_TSS-TES-MID_sortedby_geneLength.gff,quantile_norm_singlebase_bin.py; map_shifted_tags_to_ref.py; sort_CDT_by_given_file.py,();-u 2000 -d 2000;-o 2
,Spt3_i5006_BY4741_-_YPD_HS3min_XO211_vuv4-140518_Pugh50526sacCer3.cdt,42,2,B,SAGA_(Spt3)_3min_XO,SAGA,Spt3,3min,XO,Spt3_i5006_BY4741_-_YPD_HS3min_XO211_vuv4-140518_Pugh50526sacCer3.tab,ALL-RP-SAGA-TFIID-SUT-CUT-XUT_TSS-TES-MID_sortedby_geneLength.gff,quantile_norm_singlebase_bin.py; map_shifted_tags_to_ref.py; sort_CDT_by_given_file.py,();-u 2000 -d 2000;-o 2
,Tbp1_HS03-53320sacCer3.cdt,43,2,B,TBP_(Spt15)_3min_XO,TBP,Spt15,3min,XO,Tbp1_HS03-53320sacCer3.tab,ALL-RP-SAGA-TFIID-SUT-CUT-XUT_TSS-TES-MID_sortedby_geneLength.gff,quantile_norm_singlebase_bin.py; map_shifted_tags_to_ref.py; sort_CDT_by_given_file.py,();-u 2000 -d 2000;-o 2
,Sua7-HS3min_XO211_vuv4-140518_Pugh50429sacCer3.cdt,44,2,B,TFIIB_(Sua7)_3min_XO,TFIIB,Sua7,3min,XO,Sua7-HS3min_XO211_vuv4-140518_Pugh50429sacCer3.tab,ALL-RP-SAGA-TFIID-SUT-CUT-XUT_TSS-TES-MID_sortedby_geneLength.gff,quantile_norm_singlebase_bin.py; map_shifted_tags_to_ref.py; sort_CDT_by_given_file.py,();-u 2000 -d 2000;-o 2
,Taf1_i5006_BY4741_-_YPD_HS3min_XO211_vuv4-140518_Pugh50532sacCer3.cdt,45,2,B,TFIID_(Taf1)_3min_XO,TFIID,Taf1,3min,XO,Taf1_i5006_BY4741_-_YPD_HS3min_XO211_vuv4-140518_Pugh50532sacCer3.tab,ALL-RP-SAGA-TFIID-SUT-CUT-XUT_TSS-TES-MID_sortedby_geneLength.gff,quantile_norm_singlebase_bin.py; map_shifted_tags_to_ref.py; sort_CDT_by_given_file.py,();-u 2000 -d 2000;-o 2
,Ssl2_i5006_BY4741_-_YPD_HS3min_XO211_vuv4-140518_Pugh50520sacCer3.cdt,46,2,B,TFIIH_(Ssl2)_3min_XO,TFIIH,Ssl2,3min,XO,Ssl2_i5006_BY4741_-_YPD_HS3min_XO211_vuv4-140518_Pugh50520sacCer3.tab,ALL-RP-SAGA-TFIID-SUT-CUT-XUT_TSS-TES-MID_sortedby_geneLength.gff,quantile_norm_singlebase_bin.py; map_shifted_tags_to_ref.py; sort_CDT_by_given_file.py,();-u 2000 -d 2000;-o 2
,Rpb3_i5006_BY4741_-_YPD_HS3_XO611_vuv4-141124_Pugh54514sacCer3.cdt,47,2,B,Pol II_(Rpb3)_3min_XO,Pol II,Rpb3,3min,XO,Rpb3_i5006_BY4741_-_YPD_HS3_XO611_vuv4-141124_Pugh54514sacCer3.tab,ALL-RP-SAGA-TFIID-SUT-CUT-XUT_TSS-TES-MID_sortedby_geneLength.gff,quantile_norm_singlebase_bin.py; map_shifted_tags_to_ref.py; sort_CDT_by_given_file.py,();-u 2000 -d 2000;-o 2
,Spt16-HS0_53407sacCer3.cdt,48,2,B,FACT_(Spt16)_3min_XO,FACT,Spt16,3min,XO,Spt16-HS0_53407sacCer3.tab,ALL-RP-SAGA-TFIID-SUT-CUT-XUT_TSS-TES-MID_sortedby_geneLength.gff,quantile_norm_singlebase_bin.py; map_shifted_tags_to_ref.py; sort_CDT_by_given_file.py,();-u 2000 -d 2000;-o 2
,NoTAG_i5006_BY4741_-_YPD_-_XO411_vuv4-141007_Pugh53804sacCer3.cdt,49,2,B,BY4741_(No tag)_3min_XO,BY4741,No tag,3min,XO,NoTAG_i5006_BY4741_-_YPD_-_XO411_vuv4-141007_Pugh53804sacCer3.tab,ALL-RP-SAGA-TFIID-SUT-CUT-XUT_TSS-TES-MID_sortedby_geneLength.gff,quantile_norm_singlebase_bin.py; map_shifted_tags_to_ref.py; sort_CDT_by_given_file.py,();-u 2000 -d 2000;-o 2
,,50,,,_()__,,,,,,,,
,MNase_H3_MHS_01101sacCer3_shift73.cdt,51,3,-,Nuc_(H3-MNase)_Mock_MN,Nuc,H3-MNase,Mock,MN,MNase_H3_MHS_01101sacCer3_shift73.tab,sorted_list-RPG_SAGA-act-rep-no_TFIID-act-rep-no.txt ,quantile_norm_singlebase_bin.py; map_shifted_tags_to_ref.py; sort_CDT_by_given_file_modified.py,();-u 500 -d 500;()
,MNase_H3_HS_01102sacCer3_shift73.cdt,52,3,-,Nuc_(H3-MNase)_5min_MN,Nuc,H3-MNase,5min,MN,MNase_H3_HS_01102sacCer3_shift73.tab,sorted_list-RPG_SAGA-act-rep-no_TFIID-act-rep-no.txt,quantile_norm_singlebase_bin.py; map_shifted_tags_to_ref.py; sort_CDT_by_given_file_modified.py,();-u 500 -d 500;()
,Rsc9_i5006_BY4741_-_YPD_HS0min_XO211_vuv4-140518_Pugh50501sacCer3.cdt,53,3,-,RSC_(Rsc9)_Mock_XO,RSC,Rsc9,Mock,XO,Rsc9_i5006_BY4741_-_YPD_HS0min_XO211_vuv4-140518_Pugh50501sacCer3.tab,sorted_list-RPG_SAGA-act-rep-no_TFIID-act-rep-no.txt,quantile_norm_singlebase_bin.py; map_shifted_tags_to_ref.py; sort_CDT_by_given_file_modified.py,();-u 500 -d 500;()
,Rsc9_i5006_BY4741_-_YPD_HS3min_XO211_vuv4-140518_Pugh50502sacCer3.cdt,54,3,-,RSC_(Rsc9)_3min_XO,RSC,Rsc9,3min,XO,Rsc9_i5006_BY4741_-_YPD_HS3min_XO211_vuv4-140518_Pugh50502sacCer3.tab,sorted_list-RPG_SAGA-act-rep-no_TFIID-act-rep-no.txt,quantile_norm_singlebase_bin.py; map_shifted_tags_to_ref.py; sort_CDT_by_given_file_modified.py,();-u 500 -d 500;()
,Spt3_i5006_BY4741_-_YPD_HS0min_XO211_vuv4-140518_Pugh50525sacCer3.cdt,55,3,-,SAGA_(Spt3)_Mock_XO,SAGA,Spt3,Mock,XO,Spt3_i5006_BY4741_-_YPD_HS0min_XO211_vuv4-140518_Pugh50525sacCer3.tab,sorted_list-RPG_SAGA-act-rep-no_TFIID-act-rep-no.txt,quantile_norm_singlebase_bin.py; map_shifted_tags_to_ref.py; sort_CDT_by_given_file_modified.py,();-u 500 -d 500;()
,Spt3_i5006_BY4741_-_YPD_HS3min_XO211_vuv4-140518_Pugh50526sacCer3.cdt,56,3,-,SAGA_(Spt3)_3min_XO,SAGA,Spt3,3min,XO,Spt3_i5006_BY4741_-_YPD_HS3min_XO211_vuv4-140518_Pugh50526sacCer3.tab,sorted_list-RPG_SAGA-act-rep-no_TFIID-act-rep-no.txt,quantile_norm_singlebase_bin.py; map_shifted_tags_to_ref.py; sort_CDT_by_given_file_modified.py,();-u 500 -d 500;()
,Spt16_MHS_51825sacCer3.cdt,57,3,-,FACT_(Spt16)_Mock_XO,FACT,Spt16,Mock,XO,Spt16_MHS_51825sacCer3.tab,sorted_list-RPG_SAGA-act-rep-no_TFIID-act-rep-no.txt,quantile_norm_singlebase_bin.py; map_shifted_tags_to_ref.py; sort_CDT_by_given_file_modified.py,();-u 500 -d 500;()
,Spt16-HS03_53407sacCer3.cdt,58,3,-,FACT_(Spt16)_3min_XO,FACT,Spt16,3min,XO,Spt16-HS03_53407sacCer3.tab,sorted_list-RPG_SAGA-act-rep-no_TFIID-act-rep-no.txt,quantile_norm_singlebase_bin.py; map_shifted_tags_to_ref.py; sort_CDT_by_given_file_modified.py,();-u 500 -d 500;()
,Tbp1_HS0-53319sacCer3.cdt,59,3,-,TBP_(Spt15)_Mock_XO,TBP,Spt15,Mock,XO,Tbp1_HS0-53319sacCer3.tab,sorted_list-RPG_SAGA-act-rep-no_TFIID-act-rep-no.txt,quantile_norm_singlebase_bin.py; map_shifted_tags_to_ref.py; sort_CDT_by_given_file_modified.py,();-u 500 -d 500;()
,Tbp1_HS03-53320sacCer3.cdt,60,3,-,TBP_(Spt15)_3min_XO,TBP,Spt15,3min,XO,Tbp1_HS03-53320sacCer3.tab,sorted_list-RPG_SAGA-act-rep-no_TFIID-act-rep-no.txt,quantile_norm_singlebase_bin.py; map_shifted_tags_to_ref.py; sort_CDT_by_given_file_modified.py,();-u 500 -d 500;()
,Sua7-HS0min_XO211_vuv4-140518_Pugh50428sacCer3.cdt,61,3,-,TFIIB_(Sua7)_Mock_XO,TFIIB,Sua7,Mock,XO,Sua7-HS0min_XO211_vuv4-140518_Pugh50428sacCer3.tab,sorted_list-RPG_SAGA-act-rep-no_TFIID-act-rep-no.txt,quantile_norm_singlebase_bin.py; map_shifted_tags_to_ref.py; sort_CDT_by_given_file_modified.py,();-u 500 -d 500;()
,Sua7-HS3min_XO211_vuv4-140518_Pugh50429sacCer3.cdt,62,3,-,TFIIB_(Sua7)_3min_XO,TFIIB,Sua7,3min,XO,Sua7-HS3min_XO211_vuv4-140518_Pugh50429sacCer3.tab,sorted_list-RPG_SAGA-act-rep-no_TFIID-act-rep-no.txt,quantile_norm_singlebase_bin.py; map_shifted_tags_to_ref.py; sort_CDT_by_given_file_modified.py,();-u 500 -d 500;()
,Taf1_i5006_BY4741_-_YPD_HS0min_XO211_vuv4-140518_Pugh50531sacCer3.cdt,63,3,-,TFIID_(Taf1)_Mock_XO,TFIID,Taf1,Mock,XO,Taf1_i5006_BY4741_-_YPD_HS0min_XO211_vuv4-140518_Pugh50531sacCer3.tab,sorted_list-RPG_SAGA-act-rep-no_TFIID-act-rep-no.txt,quantile_norm_singlebase_bin.py; map_shifted_tags_to_ref.py; sort_CDT_by_given_file_modified.py,();-u 500 -d 500;()
,Taf1_i5006_BY4741_-_YPD_HS3min_XO211_vuv4-140518_Pugh50532sacCer3.cdt,64,3,-,TFIID_(Taf1)_3min_XO,TFIID,Taf1,3min,XO,Taf1_i5006_BY4741_-_YPD_HS3min_XO211_vuv4-140518_Pugh50532sacCer3.tab,sorted_list-RPG_SAGA-act-rep-no_TFIID-act-rep-no.txt,quantile_norm_singlebase_bin.py; map_shifted_tags_to_ref.py; sort_CDT_by_given_file_modified.py,();-u 500 -d 500;()
,Ssl2_i5006_BY4741_-_YPD_HS0min_XO211_vuv4-140518_Pugh50519sacCer3.cdt,65,3,-,TFIIH_(Ssl2)_Mock_XO,TFIIH,Ssl2,Mock,XO,Ssl2_i5006_BY4741_-_YPD_HS0min_XO211_vuv4-140518_Pugh50519sacCer3.tab,sorted_list-RPG_SAGA-act-rep-no_TFIID-act-rep-no.txt,quantile_norm_singlebase_bin.py; map_shifted_tags_to_ref.py; sort_CDT_by_given_file_modified.py,();-u 500 -d 500;()
,Ssl2_i5006_BY4741_-_YPD_HS3min_XO211_vuv4-140518_Pugh50520sacCer3.cdt,66,3,-,TFIIH_(Ssl2)_3min_XO,TFIIH,Ssl2,3min,XO,Ssl2_i5006_BY4741_-_YPD_HS3min_XO211_vuv4-140518_Pugh50520sacCer3.tab,sorted_list-RPG_SAGA-act-rep-no_TFIID-act-rep-no.txt,quantile_norm_singlebase_bin.py; map_shifted_tags_to_ref.py; sort_CDT_by_given_file_modified.py,();-u 500 -d 500;()
,Rpb3_i5006_BY4741_-_YPD_HS0_XO611_vuv4-141124_Pugh54513sacCer3.cdt,67,3,-,Pol II_(Rpb3)_Mock_XO,Pol II,Rpb3,Mock,XO,Rpb3_i5006_BY4741_-_YPD_HS0_XO611_vuv4-141124_Pugh54513sacCer3.tab,sorted_list-RPG_SAGA-act-rep-no_TFIID-act-rep-no.txt,quantile_norm_singlebase_bin.py; map_shifted_tags_to_ref.py; sort_CDT_by_given_file_modified.py,();-u 500 -d 500;()
,Rpb3_i5006_BY4741_-_YPD_HS3_XO611_vuv4-141124_Pugh54514sacCer3.cdt,68,3,-,Pol II_(Rpb3)_3min_XO,Pol II,Rpb3,3min,XO,Rpb3_i5006_BY4741_-_YPD_HS3_XO611_vuv4-141124_Pugh54514sacCer3.tab,sorted_list-RPG_SAGA-act-rep-no_TFIID-act-rep-no.txt,quantile_norm_singlebase_bin.py; map_shifted_tags_to_ref.py; sort_CDT_by_given_file_modified.py,();-u 500 -d 500;()
,Ser7P_04-1570_BY4741_-_YPD_MHS_XO111_vuv4-141007_Pugh53814sacCer3.cdt,69,3,-,Pol II_(Ser7p)_Mock_XO,Pol II,Ser7p,Mock,XO,Ser7P_04-1570_BY4741_-_YPD_MHS_XO111_vuv4-141007_Pugh53814sacCer3.tab,sorted_list-RPG_SAGA-act-rep-no_TFIID-act-rep-no.txt,quantile_norm_singlebase_bin.py; map_shifted_tags_to_ref.py; sort_CDT_by_given_file_modified.py,();-u 500 -d 500;()
,Ser7P_04-1570_BY4741_-_YPD_HS3_XO111_vuv4-141007_Pugh53815sacCer3.cdt,70,3,-,Pol II_(Ser7p)_3min_XO,Pol II,Ser7p,3min,XO,Ser7P_04-1570_BY4741_-_YPD_HS3_XO111_vuv4-141007_Pugh53815sacCer3.tab,sorted_list-RPG_SAGA-act-rep-no_TFIID-act-rep-no.txt,quantile_norm_singlebase_bin.py; map_shifted_tags_to_ref.py; sort_CDT_by_given_file_modified.py,();-u 500 -d 500;()
,Ser5P_04-1572_BY4741_-_YPD_MHS_XO111_vuv4-141007_Pugh53811sacCer3.cdt,71,3,-,Pol II_(Ser5p)_Mock_XO,Pol II,Ser5p,Mock,XO,Ser5P_04-1572_BY4741_-_YPD_MHS_XO111_vuv4-141007_Pugh53811sacCer3.tab,sorted_list-RPG_SAGA-act-rep-no_TFIID-act-rep-no.txt,quantile_norm_singlebase_bin.py; map_shifted_tags_to_ref.py; sort_CDT_by_given_file_modified.py,();-u 500 -d 500;()
,Ser5P_04-1572_BY4741_-_YPD_HS3_XO111_vuv4-141007_Pugh53812sacCer3.cdt,72,3,-,Pol II_(Ser5p)_3min_XO,Pol II,Ser5p,3min,XO,Ser5P_04-1572_BY4741_-_YPD_HS3_XO111_vuv4-141007_Pugh53812sacCer3.tab,sorted_list-RPG_SAGA-act-rep-no_TFIID-act-rep-no.txt,quantile_norm_singlebase_bin.py; map_shifted_tags_to_ref.py; sort_CDT_by_given_file_modified.py,();-u 500 -d 500;()
,Ser2P_04-1571_BY4741_-_YPD_MHS_XO111_vuv4-141007_Pugh53809sacCer3.cdt,73,3,-,Pol II_(Ser2p)_Mock_XO,Pol II,Ser2p,Mock,XO,Ser2P_04-1571_BY4741_-_YPD_MHS_XO111_vuv4-141007_Pugh53809sacCer3.tab,sorted_list-RPG_SAGA-act-rep-no_TFIID-act-rep-no.txt,quantile_norm_singlebase_bin.py; map_shifted_tags_to_ref.py; sort_CDT_by_given_file_modified.py,();-u 500 -d 500;()
,Ser2P_04-1571_BY4741_-_YPD_HS3_XO111_vuv4-141007_Pugh53810sacCer3.cdt,74,3,-,Pol II_(Ser2p)_3min_XO,Pol II,Ser2p,3min,XO,Ser2P_04-1571_BY4741_-_YPD_HS3_XO111_vuv4-141007_Pugh53810sacCer3.tab,sorted_list-RPG_SAGA-act-rep-no_TFIID-act-rep-no.txt,quantile_norm_singlebase_bin.py; map_shifted_tags_to_ref.py; sort_CDT_by_given_file_modified.py,();-u 500 -d 500;()
,,75,,,_()__,,,,,,,,
,Hsf1_HS0-merge.cdt,76,4,A,Hsf1_(Hsf1)_0min_XO,Hsf1,Hsf1,0min,XO,Hsf1_HS0-53301sacCer3.tab;Hsf1_BY4741_-_YPD_MHS_XO311_vuv4-151113_Pugh59801sacCer3.tab;Hsf1_BY4741_-_YPD_MHS_XO311_vuv4-151113_Pugh59804sacCer3.tab,Hsf1-union-Xu-TSS-divergent-upstream.gff;Hsf1-union-Xu-TSS-sortby-distance.gff,quantile_norm_singlebase_bin.py; map_shifted_tags_to_ref.py; sort_CDT_by_given_file.py,();-u 1000 -d 1000;-o2
,Sua7-HS0min_XO211_vuv4-140518_Pugh50428sacCer3.cdt,77,4,A,TFIIB_(Sua7)_0min_XO,TFIIB,Sua7,0min,XO,Sua7-HS0min_XO211_vuv4-140518_Pugh50428sacCer3.tab,Hsf1-union-Xu-TSS-divergent-upstream.gff;Hsf1-union-Xu-TSS-sortby-distance.gff,quantile_norm_singlebase_bin.py; map_shifted_tags_to_ref.py; sort_CDT_by_given_file.py,();-u 1000 -d 1000;-o2
,Hsf1_HS03-merge.cdt,78,4,A,Hsf1_(Hsf1)_3min_XO,Hsf1,Hsf1,3min,XO,Hsf1_HS03-53302sacCer3.tab;Hsf1_BY4741_-_YPD_HS3_XO311_vuv4-151113_Pugh59802sacCer3.tab;Hsf1_BY4741_-_YPD_HS3_XO311_vuv4-151113_Pugh59805sacCer3.tab,Hsf1-union-Xu-TSS-divergent-upstream.gff;Hsf1-union-Xu-TSS-sortby-distance.gff,quantile_norm_singlebase_bin.py; map_shifted_tags_to_ref.py; sort_CDT_by_given_file.py,();-u 1000 -d 1000;-o2
,Sua7-HS3min_XO211_vuv4-140518_Pugh50429sacCer3.cdt,79,4,A,TFIIB_(Sua7)_3min_XO,TFIIB,Sua7,3min,XO,Sua7-HS3min_XO211_vuv4-140518_Pugh50429sacCer3.tab,Hsf1-union-Xu-TSS-divergent-upstream.gff;Hsf1-union-Xu-TSS-sortby-distance.gff,quantile_norm_singlebase_bin.py; map_shifted_tags_to_ref.py; sort_CDT_by_given_file.py,();-u 1000 -d 1000;-o2
,Hsf1_HS06-merge.cdt,80,4,A,Hsf1_(Hsf1)_6min_XO,Hsf1,Hsf1,6min,XO,Hsf1_HS06-53303sacCer3.tab;Hsf1_BY4741_-_YPD_HS6_XO311_vuv4-151113_Pugh59803sacCer3.tab;Hsf1_BY4741_-_YPD_HS6_XO311_vuv4-151113_Pugh59806sacCer3.tab,Hsf1-union-Xu-TSS-divergent-upstream.gff;Hsf1-union-Xu-TSS-sortby-distance.gff,quantile_norm_singlebase_bin.py; map_shifted_tags_to_ref.py; sort_CDT_by_given_file.py,();-u 1000 -d 1000;-o2
,Sua7-HS6min_XO211_vuv4-140518_Pugh50430sacCer3.cdt,81,4,A,TFIIB_(Sua7)_6min_XO,TFIIB,Sua7,6min,XO,Sua7-HS6min_XO211_vuv4-140518_Pugh50430sacCer3.tab,Hsf1-union-Xu-TSS-divergent-upstream.gff;Hsf1-union-Xu-TSS-sortby-distance.gff,quantile_norm_singlebase_bin.py; map_shifted_tags_to_ref.py; sort_CDT_by_given_file.py,();-u 1000 -d 1000;-o2
,Rpb3_i5006_BY4741_-_YPD_MHS_XO511_vuv4-141007_Pugh53824sacCer3.cdt,82,4,A,Pol II_(Rpb3)_0min_XO,Pol II,Rpb3,0min,XO,Rpb3_i5006_BY4741_-_YPD_MHS_XO511_vuv4-141007_Pugh53824sacCer3.tab,Hsf1-union-Xu-TSS-divergent-upstream.gff;Hsf1-union-Xu-TSS-sortby-distance.gff,quantile_norm_singlebase_bin.py; map_shifted_tags_to_ref.py; sort_CDT_by_given_file.py,();-u 1000 -d 1000;-o2
,Rpb3_i5006_BY4741_-_YPD_HS3_XO511_vuv4-141007_Pugh53825sacCer3.cdt,83,4,A,Pol II_(Rpb3)_3min_XO,Pol II,Rpb3,3min,XO,Rpb3_i5006_BY4741_-_YPD_HS3_XO511_vuv4-141007_Pugh53825sacCer3.tab,Hsf1-union-Xu-TSS-divergent-upstream.gff;Hsf1-union-Xu-TSS-sortby-distance.gff,quantile_norm_singlebase_bin.py; map_shifted_tags_to_ref.py; sort_CDT_by_given_file.py,();-u 1000 -d 1000;-o2
,Rpb3_i5006_BY4741_-_YPD_HS6_XO511_vuv4-141007_Pugh53826sacCer3.cdt,84,4,A,Pol II_(Rpb3)_6min_XO,Pol II,Rpb3,6min,XO,Rpb3_i5006_BY4741_-_YPD_HS6_XO511_vuv4-141007_Pugh53826sacCer3.tab,Hsf1-union-Xu-TSS-divergent-upstream.gff;Hsf1-union-Xu-TSS-sortby-distance.gff,quantile_norm_singlebase_bin.py; map_shifted_tags_to_ref.py; sort_CDT_by_given_file.py,();-u 1000 -d 1000;-o2
,composite_plot_all_factors.svg,85,4,B,SAGA_(Spt3)_3min_XO,SAGA,Spt3,3min,XO,Spt3-HS3min_XO211_vuv4-140518_Pugh50526sacCer3.tab,Hsf1-union-midpoint.xlsx,quantile_norm_singlebase_bin.py; map_shifted_tags_to_ref.py;Composite_plots_shaded_bxp_Vinesh.py,();-u 400 -d 400;-w 20
VINESH:  Hsf1?,composite_plot_all_factors.svg,86,4,B,TFIIB_(Sua7)_3min_XO,TFIIB,Sua7,3min,XO,Sua7-HS3min_XO211_vuv4-140518_Pugh50429sacCer3.tab,Hsf1-union-midpoint.xlsx,quantile_norm_singlebase_bin.py; map_shifted_tags_to_ref.py;Composite_plots_shaded_bxp_Vinesh.py,();-u 400 -d 400;-w 20
"FRANK: Same analysis, but different figure",Hsf1_divergent.xlsx,87,4,C,TFIIB_(Sua7)_3min_XO,TFIIB,Sua7,3min,XO,Sua7-HS3min_XO211_vuv4-140518_Pugh50429sacCer3.tab,Hsf1-union-Xu-TSS-divergent-downstream.gff;Hsf1-union-Xu-TSS-divergent-upstream.gff,quantile_norm_singlebase_bin; map_shifted_tags_to_ref.py; extract_tag_occupancy.py,(); -u 500 -d 500; -u 50 -d 50 
,,88,,,,,,,,,,,
,MNase_H3_MHS_01101sacCer3_shift73.cdt,89,5,A,Nuc_(H3-MNase)_0min_MN,Nuc,H3-MNase,0min,MN,MNase_H3_MHS_01101sacCer3_shift73.tab,TFIID_Plus_One_nucleosome_dyad.gff,quantile_norm_singlebase_bin.py; map_shifted_tags_to_ref.py;Composite_plots_shaded_bxp_Vinesh.py,();-u 500 -d 500;-w 20
,Rsc9_i5006_BY4741_-_YPD_HS0min_XO211_vuv4-140518_Pugh50501sacCer3.cdt,90,5,A,RSC_(Rsc9)_Mock_XO,RSC,Rsc9,Mock,XO,Rsc9_i5006_BY4741_-_YPD_HS0min_XO211_vuv4-140518_Pugh50501sacCer3.tab,TFIID_Plus_One_nucleosome_dyad.gff,quantile_norm_singlebase_bin.py; map_shifted_tags_to_ref.py;Composite_plots_shaded_bxp_Vinesh.py,();-u 500 -d 500;-w 20
,Rsc9_i5006_BY4741_-_YPD_HS3min_XO211_vuv4-140518_Pugh50502sacCer3.cdt,91,5,A,RSC_(Rsc9)_3min_XO,RSC,Rsc9,3min,XO,Rsc9_i5006_BY4741_-_YPD_HS3min_XO211_vuv4-140518_Pugh50502sacCer3.tab,TFIID_Plus_One_nucleosome_dyad.gff,quantile_norm_singlebase_bin.py; map_shifted_tags_to_ref.py;Composite_plots_shaded_bxp_Vinesh.py,();-u 500 -d 500;-w 20
,MNase_H3_MHS_01101sacCer3_shift73..cdt,92,5,B,Nuc_(H3-MNase)_0min_MN,Nuc,H3-MNase,0min,MN,MNase_H3_MHS_01101sacCer3_shift73.tab,Yeast_plus_one_sacCer3.gff,quantile_norm_singlebase_bin.py; map_shifted_tags_to_ref.py;Composite_plots_shaded_bxp_Vinesh.py,();-u 1000 -d 1000; -w 20 
,Rsc9_i5006_BY4741_-_YPD_HS0min_XO211_vuv4-140518_Pugh50501sacCer3.cdt,93,5,B,RSC_(Rsc9)_Mock_XO,RSC,Rsc9,Mock,XO,Rsc9_i5006_BY4741_-_YPD_HS0min_XO211_vuv4-140518_Pugh50501sacCer3.tab,Yeast_plus_one_sacCer3.gff,quantile_norm_singlebase_bin.py; map_shifted_tags_to_ref.py;Composite_plots_shaded_bxp_Vinesh.py,();-u 1000 -d 1000; -w 20 
,Rsc9_i5006_BY4741_-_YPD_HS3min_XO211_vuv4-140518_Pugh50502sacCer3.cdt,94,5,B,RSC_(Rsc9)_3min_XO,RSC,Rsc9,3min,XO,Rsc9_i5006_BY4741_-_YPD_HS3min_XO211_vuv4-140518_Pugh50502sacCer3.tab,Yeast_plus_one_sacCer3.gff,quantile_norm_singlebase_bin.py; map_shifted_tags_to_ref.py;Composite_plots_shaded_bxp_Vinesh.py,();-u 1000 -d 1000; -w 20
,Rsc9_i5006_BY4741_-_YPD_HS6min_XO211_vuv4-140518_Pugh50503sacCer3.cdt,95,5,B,RSC_(Rsc9)_6min_XO,RSC,Rsc9,6min,XO,Rsc9_i5006_BY4741_-_YPD_HS6min_XO211_vuv4-140518_Pugh50503sacCer3.tab,Yeast_plus_one_sacCer3.gff,quantile_norm_singlebase_bin.py; map_shifted_tags_to_ref.py;Composite_plots_shaded_bxp_Vinesh.py,();-u 1000 -d 1000; -w 20
,Rsc9_i5006_BY4741_-_YPD_HS9min_XO211_vuv4-140518_Pugh50504sacCer3.cdt,96,5,B,RSC_(Rsc9)_9min_XO,RSC,Rsc9,9min,XO,Rsc9_i5006_BY4741_-_YPD_HS9min_XO211_vuv4-140518_Pugh50504sacCer3.tab,Yeast_plus_one_sacCer3.gff,quantile_norm_singlebase_bin.py; map_shifted_tags_to_ref.py;Composite_plots_shaded_bxp_Vinesh.py,();-u 1000 -d 1000; -w 20
,Rsc9_i5006_BY4741_-_YPD_HS12min_XO211_vuv4-140518_Pugh50505sacCer3.cdt,97,5,B,RSC_(Rsc9)_12min_XO,RSC,Rsc9,12min,XO,Rsc9_i5006_BY4741_-_YPD_HS12min_XO211_vuv4-140518_Pugh50505sacCer3.tab,Yeast_plus_one_sacCer3.gff,quantile_norm_singlebase_bin.py; map_shifted_tags_to_ref.py;Composite_plots_shaded_bxp_Vinesh.py,();-u 1000 -d 1000; -w 20
,Rsc9_i5006_BY4741_-_YPD_HS15min_XO211_vuv4-140518_Pugh50506sacCer3.cdt,98,5,B,RSC_(Rsc9)_15min_XO,RSC,Rsc9,15min,XO,Rsc9_i5006_BY4741_-_YPD_HS15min_XO211_vuv4-140518_Pugh50506sacCer3.tab,Yeast_plus_one_sacCer3.gff,quantile_norm_singlebase_bin.py; map_shifted_tags_to_ref.py;Composite_plots_shaded_bxp_Vinesh.py,();-u 1000 -d 1000; -w 20
VINESH: Missing Information,,99,5,C,_()__,,,,,,,,
,,100,,,,,,,,,,,
,MNase_H3_MHS_01101sacCer3_shift73.cdt,101,6,A,Nuc_(H3-MNase)_Mock_MN,Nuc,H3-MNase,Mock,MN,MNase_H3_MHS_01101sacCer3_shift73.tab,Yeast_plus_one_sacCer3.gff,quantile_norm_singlebase_bin.py; map_shifted_tags_to_ref.py;Composite_plots_shaded_bxp_Vinesh.py,();-u 500 -d 500;-w 20 -o1
,Rpb3-HS00-merge.cdt,102,6,A,Pol II_(Rpb3)_Mock_XO,Pol II,Rpb3,Mock,XO,Rpb3-HS00-50422sacCer3.cdt;Rpb3_MHS_51835sacCer3.tab,Yeast_plus_one_sacCer3.gff,quantile_norm_singlebase_bin.py; map_shifted_tags_to_ref.py;Composite_plots_shaded_bxp_Vinesh.py,();-u 500 -d 500;-w 20 -o1
,Spt16_MHS_Merge.cdt,103,6,A,FACT_(Spt16)_Mock_XO,FACT,Spt16,Mock,XO,Spt16_MHS_51825sacCer3.tab;Spt16_MHS_51827sacCer3.tab,Yeast_plus_one_sacCer3.gff,quantile_norm_singlebase_bin.py; map_shifted_tags_to_ref.py;Composite_plots_shaded_bxp_Vinesh.py,();-u 500 -d 500;-w 20 -o1
,MNase_H3_MHS_01101sacCer3_shift73.cdt,104,6,B,Nuc_(H3-MNase)_Mock_MN,Nuc,H3-MNase,Mock,MN,MNase_H3_MHS_01101sacCer3_shift73.tab,HS_activated_nuc1.gff,quantile_norm_singlebase_bin.py; map_shifted_tags_to_ref.py;Composite_plots_shaded_bxp_Vinesh.py,();-u 1000 -d 1000;-w 20 
,Rpb3_MHS_51835sacCer3.cdt,105,6,B,Pol II_(Rpb3)_Mock_XO,Pol II,Rpb3,Mock,XO,Rpb3_i5006_BY4741_-_YPD_MHS_XO511_vuv4-141007_Pugh53824sacCer3.tab,HS_activated_nuc1.gff,quantile_norm_singlebase_bin.py; map_shifted_tags_to_ref.py;Composite_plots_shaded_bxp_Vinesh.py,();-u 1000 -d 1000;-w 20 
,Rpb3_HS3_51836sacCer3.cdt,106,6,B,Pol II_(Rpb3)_3min_XO,Pol II,Rpb3,3min,XO,Rpb3_i5006_BY4741_-_YPD_HS3_XO511_vuv4-141007_Pugh53825sacCer3.tab,HS_activated_nuc1.gff,quantile_norm_singlebase_bin.py; map_shifted_tags_to_ref.py;Composite_plots_shaded_bxp_Vinesh.py,();-u 1000 -d 1000;-w 20
,Rpb3_HS6_51837sacCer3.cdt,107,6,B,Pol II_(Rpb3)_6min_XO,Pol II,Rpb3,6min,XO,Rpb3_i5006_BY4741_-_YPD_HS6_XO511_vuv4-141007_Pugh53826sacCer3.tab,HS_activated_nuc1.gff,quantile_norm_singlebase_bin.py; map_shifted_tags_to_ref.py;Composite_plots_shaded_bxp_Vinesh.py,();-u 1000 -d 1000;-w 20
,MNase_H3_MHS_01101sacCer3_shift73.cdt,108,6,B,Nuc_(H3-MNase)_Mock_MN,Nuc,H3-MNase,Mock,MN,MNase_H3_MHS_01101sacCer3_shift73.tab,HS_activated_nuc1.gff,quantile_norm_singlebase_bin.py; map_shifted_tags_to_ref.py;Composite_plots_shaded_bxp_Vinesh.py,();-u 1000 -d 1000;-w 20
,Spt16-HS0_53407sacCer3.cdt,109,6,B,FACT_(Spt16)_Mock_XO,FACT,Spt16,Mock,XO,Spt16-HS0_53407sacCer3.tab,HS_activated_nuc1.gff,quantile_norm_singlebase_bin.py; map_shifted_tags_to_ref.py;Composite_plots_shaded_bxp_Vinesh.py,();-u 1000 -d 1000;-w 20
,Spt16-HS03_53408sacCer3.cdt,110,6,B,FACT_(Spt16)_3min_XO,FACT,Spt16,3min,XO,Spt16-HS03_53408sacCer3.tab,HS_activated_nuc1.gff,quantile_norm_singlebase_bin.py; map_shifted_tags_to_ref.py;Composite_plots_shaded_bxp_Vinesh.py,();-u 1000 -d 1000;-w 20
,Spt16-HS06_53409sacCer3.cdt,111,6,B,FACT_(Spt16)_6min_XO,FACT,Spt16,6min,XO,Spt16-HS06_53409sacCer3.tab,HS_activated_nuc1.gff,quantile_norm_singlebase_bin.py; map_shifted_tags_to_ref.py;Composite_plots_shaded_bxp_Vinesh.py,();-u 1000 -d 1000;-w 20
,,112,,,,,,,,,,,
,Sua7-HS0min_Merge.cdt,113,7,A,TFIIB_(Sua7)_0min_PS,TFIIB,Sua7,0min,PS,Sua7-HS0min_KS_vuv4-_Pugh56422sacCer3.tab;Sua7-HS0min_KS_vuv4-_Pugh56428sacCer3.tab,RP_137_genes_TSS_Xu_2009.gff;SAGA_TSS_Xu_2009_ORF_Ts_V64.gff;TFIID_TSS_Xu_2009_ORF_Ts_V64.gff;Xu_2009_CUTs_TSS_ONLY_V64.gff;Xu_2009_SUTs_TSS_ONLY_V64.gff;van_Dijk_2011_XUTs_V64_TSS_ONLY.gff,quantile_norm_singlebase_bin.py; map_shifted_tags_to_ref.py;Composite_plots_shaded_bxp_Vinesh.py,();-u 200 -d 200; -w 20
,Sua7-HS3min_Merge.cdt,114,7,A,TFIIB_(Sua7)_3min_PS,TFIIB,Sua7,3min,PS,Sua7-HS3min_KS_vuv4-_Pugh56423sacCer3.tab;Sua7-HS0min_KS_vuv4-_Pugh56429sacCer3.tab,RP_137_genes_TSS_Xu_2009.gff;SAGA_TSS_Xu_2009_ORF_Ts_V64.gff;TFIID_TSS_Xu_2009_ORF_Ts_V64.gff;Xu_2009_CUTs_TSS_ONLY_V64.gff;Xu_2009_SUTs_TSS_ONLY_V64.gff;van_Dijk_2011_XUTs_V64_TSS_ONLY.gff,quantile_norm_singlebase_bin.py; map_shifted_tags_to_ref.py;Composite_plots_shaded_bxp_Vinesh.py,();-u 200 -d 200; -w 21
,Sua7-HS6min_Merge.cdt,115,7,A,TFIIB_(Sua7)_6min_PS,TFIIB,Sua7,6min,PS,Sua7-HS6min_KS_vuv4-_Pugh56424sacCer3.tab;Sua7-HS0min_KS_vuv4-_Pugh56430sacCer3.tab,RP_137_genes_TSS_Xu_2009.gff;SAGA_TSS_Xu_2009_ORF_Ts_V64.gff;TFIID_TSS_Xu_2009_ORF_Ts_V64.gff;Xu_2009_CUTs_TSS_ONLY_V64.gff;Xu_2009_SUTs_TSS_ONLY_V64.gff;van_Dijk_2011_XUTs_V64_TSS_ONLY.gff,quantile_norm_singlebase_bin.py; map_shifted_tags_to_ref.py;Composite_plots_shaded_bxp_Vinesh.py,();-u 200 -d 200; -w 22
,Sua7_MHS_51829sacCer3.cdt,116,7,A,TFIIB_(Sua7)_0min_XO,TFIIB,Sua7,0min,XO,Sua7_MHS_51829sacCer3.tab,sorted_list-RPG_SAGA-act-rep-no_TFIID-act-rep-no.txt,quantile_norm_singlebase_bin.py; map_shifted_tags_to_ref.py; sort_CDT_by_given_file_modified.py,();-u 200 -d 200;-w 20 -o 1
,Sua7_HS3_51830sacCer3.cdt,117,7,A,TFIIB_(Sua7)_3min_XO,TFIIB,Sua7,3min,XO,Sua7_HS3_51830sacCer3.tab,sorted_list-RPG_SAGA-act-rep-no_TFIID-act-rep-no.txt,quantile_norm_singlebase_bin.py; map_shifted_tags_to_ref.py; sort_CDT_by_given_file_modified.py,();-u 200 -d 200;-w 20 -o 1
,Sua7_HS6_51831sacCer3.cdt,118,7,A,TFIIB_(Sua7)_6min_XO,TFIIB,Sua7,6min,XO,Sua7_HS6_51831sacCer3.tab,sorted_list-RPG_SAGA-act-rep-no_TFIID-act-rep-no.txt,quantile_norm_singlebase_bin.py; map_shifted_tags_to_ref.py; sort_CDT_by_given_file_modified.py,();-u 200 -d 200;-w 20 -o 1
,Sua7-HS0min_KS_Merge_Pugh56428sacCer3..cdt,119,7,A,TFIIB_(Sua7)_0min_PS,TFIIB,Sua7,0min,PS,Sua7-HS0min_KS_vuv4-_Pugh56422sacCer3.tab;Sua7-HS0min_KS_vuv4-_Pugh56428sacCer3.tab,sorted_list-RPG_SAGA-act-rep-no_TFIID-act-rep-no.txt,quantile_norm_singlebase_bin.py; map_shifted_tags_to_ref.py; sort_CDT_by_given_file_modified.py,();-u 1000 -d 1000; -o 2 
,Sua7-HS3min_KS_Merge_Pugh56429sacCer3..cdt,120,7,A,TFIIB_(Sua7)_3min_PS,TFIIB,Sua7,3min,PS,Sua7-HS3min_KS_vuv4-_Pugh56423sacCer3.tab;Sua7-HS0min_KS_vuv4-_Pugh56429sacCer3.tab,sorted_list-RPG_SAGA-act-rep-no_TFIID-act-rep-no.txt,quantile_norm_singlebase_bin.py; map_shifted_tags_to_ref.py; sort_CDT_by_given_file_modified.py,();-u 1000 -d 1000; -o 2 
,Sua7-HS6min_KS_Merge_Pugh56430sacCer3.cdt,121,7,A,TFIIB_(Sua7)_6min_PS,TFIIB,Sua7,6min,PS,Sua7-HS6min_KS_vuv4-_Pugh56424sacCer3.tab;Sua7-HS0min_KS_vuv4-_Pugh56430sacCer3.tab,sorted_list-RPG_SAGA-act-rep-no_TFIID-act-rep-no.txt,quantile_norm_singlebase_bin.py; map_shifted_tags_to_ref.py; sort_CDT_by_given_file_modified.py,();-u 1000 -d 1000; -o 2 
,,122,,,,,,,,,,,
VINESH: Missing Information?,,123,S1,A,TFIIH_(Ssl2)_0min_XO,TFIIH,Ssl2,0min,XO,"19325sacCer3.tab,19339sacCer3.tab,50519sacCer3.tab",,Ssl2_DEseq_replicates.R; calculate_significant_number.py,
,deseq_MAplot_HS3m.png,124,S1,A,TFIIH_(Ssl2)_3min_XO,TFIIH,Ssl2,3min,XO,"32321sacCer3.tab,50520sacCer3.tab",,Ssl2_DEseq_replicates.R; calculate_significant_number.py,
,deseq_MAplot_HS6m.png,125,S1,A,TFIIH_(Ssl2)_6min_XO,TFIIH,Ssl2,6min,XO,"32322sacCer3.tab,50521sacCer3.tab",,Ssl2_DEseq_replicates.R; calculate_significant_number.py,
,deseq_MAplot_HS9m.png,126,S1,A,TFIIH_(Ssl2)_9min_XO,TFIIH,Ssl2,9min,XO,"32323sacCer3.tab,50522sacCer3.tab",,Ssl2_DEseq_replicates.R; calculate_significant_number.py,
,deseq_MAplot_HS12m.png,127,S1,A,TFIIH_(Ssl2)_12min_XO,TFIIH,Ssl2,12min,XO,"32324sacCer3.tab,50523sacCer3.tab",,Ssl2_DEseq_replicates.R; calculate_significant_number.py,
,deseq_MAplot_HS15m.png,128,S1,A,TFIIH_(Ssl2)_15min_XO,TFIIH,Ssl2,15min,XO,"32325sacCer3.tab,50524sacCer3.tab",,Ssl2_DEseq_replicates.R; calculate_significant_number.py,
,170120_ORF_Correlation.xlsx,129,S1,B,Pol II_(Rpb3)_0min_XO,Pol II,Rpb3,0min,XO,Rpb3_i5006_BY4741_-_YPD_MHS_XO511_vuv4-141007_Pugh53824sacCer3.tab,,quantile_norm_singlebase_bin.py; map_shifted_tags_to_ref.py;extract_tag_occupancy.py,();-u 200 -d 200;-u -100 -d 300
,170120_ORF_Correlation.xlsx,130,S1,B,TFIIH_(Ssl2)_0min_XO,TFIIH,Ssl2,0min,XO,Ssl2_i5006_BY4741_-_YPD_HS0min_XO211_vuv4-140518_Pugh50519sacCer3.tab,,quantile_norm_singlebase_bin.py; map_shifted_tags_to_ref.py;extract_tag_occupancy.py,();-u 200 -d 200;-u 100 -d 100
,170120_ORF_Correlation.xlsx,131,S1,B,TFIIB_(Sua7)_0min_XO,TFIIB,Sua7,0min,XO,Sua7-HS0min_XO211_vuv4-140518_Pugh50428sacCer3.tab,,quantile_norm_singlebase_bin.py; map_shifted_tags_to_ref.py;extract_tag_occupancy.py,();-u 200 -d 200;-u 100 -d 100
,,132,,,,,,,,,,,
,Ssl2-HS0min_XO211_vuv4-140518_Pugh50519sacCer3.cdt,133,S2,A,TFIIH_(Ssl2)_0min_XO,TFIIH,Ssl2,0min,XO,Ssl2-HS0min_XO211_vuv4-140518_Pugh50519sacCer3.tab,RP_137_genes_TSS_Xu_2009.gff;SAGA_TSS_Xu_2009_ORF_Ts_V64.gff;TFIID_TSS_Xu_2009_ORF_Ts_V64.gff;Xu_2009_CUTs_TSS_ONLY_V64.gff;Xu_2009_SUTs_TSS_ONLY_V64.gff;van_Dijk_2011_XUTs_V64_TSS_ONLY.gff,quantile_norm_singlebase_bin.py; map_shifted_tags_to_ref.py;Composite_plots_shaded_bxp_Vinesh.py,();-u 500 -d 500; -w 20 
,Ssl2-HS3min_XO211_vuv4-140518_Pugh50520sacCer3.cdt,134,S2,A,TFIIH_(Ssl2)_3min_XO,TFIIH,Ssl2,3min,XO,Ssl2-HS3min_XO211_vuv4-140518_Pugh50520sacCer3.tab,RP_137_genes_TSS_Xu_2009.gff;SAGA_TSS_Xu_2009_ORF_Ts_V64.gff;TFIID_TSS_Xu_2009_ORF_Ts_V64.gff;Xu_2009_CUTs_TSS_ONLY_V64.gff;Xu_2009_SUTs_TSS_ONLY_V64.gff;van_Dijk_2011_XUTs_V64_TSS_ONLY.gff,quantile_norm_singlebase_bin.py; map_shifted_tags_to_ref.py;Composite_plots_shaded_bxp_Vinesh.py,();-u 500 -d 500; -w 20 
,Ssl2-HS6min_XO211_vuv4-140518_Pugh50521sacCer3.cdt,135,S2,A,TFIIH_(Ssl2)_6min_XO,TFIIH,Ssl2,6min,XO,Ssl2-HS6min_XO211_vuv4-140518_Pugh50521sacCer3.tab,RP_137_genes_TSS_Xu_2009.gff;SAGA_TSS_Xu_2009_ORF_Ts_V64.gff;TFIID_TSS_Xu_2009_ORF_Ts_V64.gff;Xu_2009_CUTs_TSS_ONLY_V64.gff;Xu_2009_SUTs_TSS_ONLY_V64.gff;van_Dijk_2011_XUTs_V64_TSS_ONLY.gff,quantile_norm_singlebase_bin.py; map_shifted_tags_to_ref.py;Composite_plots_shaded_bxp_Vinesh.py,();-u 500 -d 500; -w 20
,Ssl2-HS9min_XO211_vuv4-140518_Pugh50522sacCer3.cdt,136,S2,A,TFIIH_(Ssl2)_9min_XO,TFIIH,Ssl2,9min,XO,Ssl2-HS9min_XO211_vuv4-140518_Pugh50522sacCer3.tab,RP_137_genes_TSS_Xu_2009.gff;SAGA_TSS_Xu_2009_ORF_Ts_V64.gff;TFIID_TSS_Xu_2009_ORF_Ts_V64.gff;Xu_2009_CUTs_TSS_ONLY_V64.gff;Xu_2009_SUTs_TSS_ONLY_V64.gff;van_Dijk_2011_XUTs_V64_TSS_ONLY.gff,quantile_norm_singlebase_bin.py; map_shifted_tags_to_ref.py;Composite_plots_shaded_bxp_Vinesh.py,();-u 500 -d 500; -w 20
,Ssl2-HS12min_XO211_vuv4-140518_Pugh50523sacCer3.cdt,137,S2,A,TFIIH_(Ssl2)_12min_XO,TFIIH,Ssl2,12min,XO,Ssl2-HS12min_XO211_vuv4-140518_Pugh50523sacCer3.tab,RP_137_genes_TSS_Xu_2009.gff;SAGA_TSS_Xu_2009_ORF_Ts_V64.gff;TFIID_TSS_Xu_2009_ORF_Ts_V64.gff;Xu_2009_CUTs_TSS_ONLY_V64.gff;Xu_2009_SUTs_TSS_ONLY_V64.gff;van_Dijk_2011_XUTs_V64_TSS_ONLY.gff,quantile_norm_singlebase_bin.py; map_shifted_tags_to_ref.py;Composite_plots_shaded_bxp_Vinesh.py,();-u 500 -d 500; -w 20
,Ssl2-HS15min_XO211_vuv4-140518_Pugh50524sacCer3.cdt,138,S2,A,TFIIH_(Ssl2)_15min_XO,TFIIH,Ssl2,15min,XO,Ssl2-HS15min_XO211_vuv4-140518_Pugh50524sacCer3.tab,RP_137_genes_TSS_Xu_2009.gff;SAGA_TSS_Xu_2009_ORF_Ts_V64.gff;TFIID_TSS_Xu_2009_ORF_Ts_V64.gff;Xu_2009_CUTs_TSS_ONLY_V64.gff;Xu_2009_SUTs_TSS_ONLY_V64.gff;van_Dijk_2011_XUTs_V64_TSS_ONLY.gff,quantile_norm_singlebase_bin.py; map_shifted_tags_to_ref.py;Composite_plots_shaded_bxp_Vinesh.py,();-u 500 -d 500; -w 20
,Spt3-HS0min_XO211_vuv4-140518_Pugh50525sacCer3.cdt,139,S2,A,SAGA_(Spt3)_0min_XO,SAGA,Spt3,0min,XO,Spt3-HS0min_XO211_vuv4-140518_Pugh50525sacCer3.tab,RP_137_genes_TSS_Xu_2009.gff;SAGA_TSS_Xu_2009_ORF_Ts_V64.gff;TFIID_TSS_Xu_2009_ORF_Ts_V64.gff;Xu_2009_CUTs_TSS_ONLY_V64.gff;Xu_2009_SUTs_TSS_ONLY_V64.gff;van_Dijk_2011_XUTs_V64_TSS_ONLY.gff,quantile_norm_singlebase_bin.py; map_shifted_tags_to_ref.py;Composite_plots_shaded_bxp_Vinesh.py,();-u 500 -d 500; -w 20
,Spt3-HS3min_XO211_vuv4-140518_Pugh50526sacCer3.cdt,140,S2,A,SAGA_(Spt3)_3min_XO,SAGA,Spt3,3min,XO,Spt3-HS3min_XO211_vuv4-140518_Pugh50526sacCer3.tab,RP_137_genes_TSS_Xu_2009.gff;SAGA_TSS_Xu_2009_ORF_Ts_V64.gff;TFIID_TSS_Xu_2009_ORF_Ts_V64.gff;Xu_2009_CUTs_TSS_ONLY_V64.gff;Xu_2009_SUTs_TSS_ONLY_V64.gff;van_Dijk_2011_XUTs_V64_TSS_ONLY.gff,quantile_norm_singlebase_bin.py; map_shifted_tags_to_ref.py;Composite_plots_shaded_bxp_Vinesh.py,();-u 500 -d 500; -w 20
,Spt3-HS6min_XO211_vuv4-140518_Pugh50527sacCer3.cdt,141,S2,A,SAGA_(Spt3)_6min_XO,SAGA,Spt3,6min,XO,Spt3-HS6min_XO211_vuv4-140518_Pugh50527sacCer3.tab,RP_137_genes_TSS_Xu_2009.gff;SAGA_TSS_Xu_2009_ORF_Ts_V64.gff;TFIID_TSS_Xu_2009_ORF_Ts_V64.gff;Xu_2009_CUTs_TSS_ONLY_V64.gff;Xu_2009_SUTs_TSS_ONLY_V64.gff;van_Dijk_2011_XUTs_V64_TSS_ONLY.gff,quantile_norm_singlebase_bin.py; map_shifted_tags_to_ref.py;Composite_plots_shaded_bxp_Vinesh.py,();-u 500 -d 500; -w 20
,Spt3-HS9min_XO211_vuv4-140518_Pugh50528sacCer3.cdt,142,S2,A,SAGA_(Spt3)_9min_XO,SAGA,Spt3,9min,XO,Spt3-HS9min_XO211_vuv4-140518_Pugh50528sacCer3.tab,RP_137_genes_TSS_Xu_2009.gff;SAGA_TSS_Xu_2009_ORF_Ts_V64.gff;TFIID_TSS_Xu_2009_ORF_Ts_V64.gff;Xu_2009_CUTs_TSS_ONLY_V64.gff;Xu_2009_SUTs_TSS_ONLY_V64.gff;van_Dijk_2011_XUTs_V64_TSS_ONLY.gff,quantile_norm_singlebase_bin.py; map_shifted_tags_to_ref.py;Composite_plots_shaded_bxp_Vinesh.py,();-u 500 -d 500; -w 20
,Spt3-HS12min_XO211_vuv4-140518_Pugh50529sacCer3.cdt,143,S2,A,SAGA_(Spt3)_12min_XO,SAGA,Spt3,12min,XO,Spt3-HS12min_XO211_vuv4-140518_Pugh50529sacCer3.tab,RP_137_genes_TSS_Xu_2009.gff;SAGA_TSS_Xu_2009_ORF_Ts_V64.gff;TFIID_TSS_Xu_2009_ORF_Ts_V64.gff;Xu_2009_CUTs_TSS_ONLY_V64.gff;Xu_2009_SUTs_TSS_ONLY_V64.gff;van_Dijk_2011_XUTs_V64_TSS_ONLY.gff,quantile_norm_singlebase_bin.py; map_shifted_tags_to_ref.py;Composite_plots_shaded_bxp_Vinesh.py,();-u 500 -d 500; -w 20
,Spt3-HS15min_XO211_vuv4-140518_Pugh50530sacCer3.cdt,144,S2,A,SAGA_(Spt3)_15min_XO,SAGA,Spt3,15min,XO,Spt3-HS15min_XO211_vuv4-140518_Pugh50530sacCer3.tab,RP_137_genes_TSS_Xu_2009.gff;SAGA_TSS_Xu_2009_ORF_Ts_V64.gff;TFIID_TSS_Xu_2009_ORF_Ts_V64.gff;Xu_2009_CUTs_TSS_ONLY_V64.gff;Xu_2009_SUTs_TSS_ONLY_V64.gff;van_Dijk_2011_XUTs_V64_TSS_ONLY.gff,quantile_norm_singlebase_bin.py; map_shifted_tags_to_ref.py;Composite_plots_shaded_bxp_Vinesh.py,();-u 500 -d 500; -w 20
,MNase_H3_MHS_01101sacCer3_shift73.cdt,145,S2,B,Nuc_(H3-MNase)_Mock_MN,Nuc,H3-MNase,Mock,MN,MNase_H3_MHS_01101sacCer3_shift73.tab,sorted_list-RPG_SAGA-act-rep-no_TFIID-act-rep-no.txt ,quantile_norm_singlebase_bin.py; map_shifted_tags_to_ref.py; sort_CDT_by_given_file_modified.py,();-u 500 -d 500;()
VINESH: Not in Fig.?,MNase_H3_HS_01102sacCer3_shift73.cdt,146,S2,B,Nuc_(H3-MNase)_5min_MN,Nuc,H3-MNase,5min,MN,MNase_H3_HS_01102sacCer3_shift73.tab,sorted_list-RPG_SAGA-act-rep-no_TFIID-act-rep-no.txt,quantile_norm_singlebase_bin.py; map_shifted_tags_to_ref.py; sort_CDT_by_given_file_modified.py,();-u 500 -d 500;()
,,147,,,,,,,,,,,
,Spt3-HS0min_XO211_vuv4-140518_Pugh50525sacCer3.cdt,148,S3,A,SAGA_(Spt3)_0min_XO,SAGA,Spt3,0min,XO,Spt3-HS0min_XO211_vuv4-140518_Pugh50525sacCer3.tab,activated.gff;nochange.gff;repressed_rp.gff,quantile_norm_singlebase_bin.py; map_shifted_tags_to_ref.py;Composite_plots_Vinesh(1).py,();-u 500 -d 500; -w 20
,Spt3-HS3min_XO211_vuv4-140518_Pugh50526sacCer3.cdt,149,S3,A,SAGA_(Spt3)_3min_XO,SAGA,Spt3,3min,XO,Spt3-HS3min_XO211_vuv4-140518_Pugh50526sacCer3.tab,activated.gff;nochange.gff;repressed_rp.gff,quantile_norm_singlebase_bin.py; map_shifted_tags_to_ref.py;Composite_plots_Vinesh(1).py,();-u 500 -d 500; -w 20
,Spt3-HS6min_XO211_vuv4-140518_Pugh50527sacCer3.cdt,150,S3,A,SAGA_(Spt3)_6min_XO,SAGA,Spt3,6min,XO,Spt3-HS6min_XO211_vuv4-140518_Pugh50527sacCer3.tab,activated.gff;nochange.gff;repressed_rp.gff,quantile_norm_singlebase_bin.py; map_shifted_tags_to_ref.py;Composite_plots_Vinesh(1).py,();-u 500 -d 500; -w 20
,Spt3-HS9min_XO211_vuv4-140518_Pugh50528sacCer3.cdt,151,S3,A,SAGA_(Spt3)_9min_XO,SAGA,Spt3,9min,XO,Spt3-HS9min_XO211_vuv4-140518_Pugh50528sacCer3.tab,activated.gff;nochange.gff;repressed_rp.gff,quantile_norm_singlebase_bin.py; map_shifted_tags_to_ref.py;Composite_plots_Vinesh(1).py,();-u 500 -d 500; -w 20
,Spt3-HS12min_XO211_vuv4-140518_Pugh50529sacCer3.cdt,152,S3,A,SAGA_(Spt3)_12min_XO,SAGA,Spt3,12min,XO,Spt3-HS12min_XO211_vuv4-140518_Pugh50529sacCer3.tab,activated.gff;nochange.gff;repressed_rp.gff,quantile_norm_singlebase_bin.py; map_shifted_tags_to_ref.py;Composite_plots_Vinesh(1).py,();-u 500 -d 500; -w 20
,Spt3-HS15min_XO211_vuv4-140518_Pugh50530sacCer3.cdt,153,S3,A,SAGA_(Spt3)_15min_XO,SAGA,Spt3,15min,XO,Spt3-HS15min_XO211_vuv4-140518_Pugh50530sacCer3.tab,activated.gff;nochange.gff;repressed_rp.gff,quantile_norm_singlebase_bin.py; map_shifted_tags_to_ref.py;Composite_plots_Vinesh(1).py,();-u 500 -d 500; -w 20
,Tbp1_HS0-53319sacCer3.cdt,154,S3,A,TBP_(Spt15)_0min_XO,TBP,Spt15,0min,XO,Tbp1_HS0-53319sacCer3.tab,activated.gff;nochange.gff;repressed_rp.gff,quantile_norm_singlebase_bin.py; map_shifted_tags_to_ref.py;Composite_plots_Vinesh(1).py,();-u 500 -d 500; -w 20
,Tbp1_HS03-53320sacCer3.cdt,155,S3,A,TBP_(Spt15)_3min_XO,TBP,Spt15,3min,XO,Tbp1_HS03-53320sacCer3.tab,activated.gff;nochange.gff;repressed_rp.gff,quantile_norm_singlebase_bin.py; map_shifted_tags_to_ref.py;Composite_plots_Vinesh(1).py,();-u 500 -d 500; -w 20
,Tbp1_HS06-53321sacCer3.cdt,156,S3,A,TBP_(Spt15)_6min_XO,TBP,Spt15,6min,XO,Tbp1_HS06-53321sacCer3.tab,activated.gff;nochange.gff;repressed_rp.gff,quantile_norm_singlebase_bin.py; map_shifted_tags_to_ref.py;Composite_plots_Vinesh(1).py,();-u 500 -d 500; -w 20
,Sua7-HS0min_XO211_vuv4-140518_Pugh50428sacCer3.cdt,157,S3,A,TFIIB_(Sua7)_0min_XO,TFIIB,Sua7,0min,XO,Sua7-HS0min_XO211_vuv4-140518_Pugh50428sacCer3.tab,activated.gff;nochange.gff;repressed_rp.gff,quantile_norm_singlebase_bin.py; map_shifted_tags_to_ref.py;Composite_plots_Vinesh(1).py,();-u 500 -d 500; -w 20
,Sua7-HS3min_XO211_vuv4-140518_Pugh50429sacCer3.cdt,158,S3,A,TFIIB_(Sua7)_3min_XO,TFIIB,Sua7,3min,XO,Sua7-HS3min_XO211_vuv4-140518_Pugh50429sacCer3.tab,activated.gff;nochange.gff;repressed_rp.gff,quantile_norm_singlebase_bin.py; map_shifted_tags_to_ref.py;Composite_plots_Vinesh(1).py,();-u 500 -d 500; -w 20
,Sua7-HS6min_XO211_vuv4-140518_Pugh50430sacCer3.cdt,159,S3,A,TFIIB_(Sua7)_6min_XO,TFIIB,Sua7,6min,XO,Sua7-HS6min_XO211_vuv4-140518_Pugh50430sacCer3.tab,activated.gff;nochange.gff;repressed_rp.gff,quantile_norm_singlebase_bin.py; map_shifted_tags_to_ref.py;Composite_plots_Vinesh(1).py,();-u 500 -d 500; -w 20
,Taf1-HS0min_XO211_vuv4-140518_Pugh50531sacCer3.cdt,160,S3,A,TFIID_(Taf1)_0min_XO,TFIID,Taf1,0min,XO,Taf1-HS0min_XO211_vuv4-140518_Pugh50531sacCer3.tab,activated.gff;nochange.gff;repressed_rp.gff,quantile_norm_singlebase_bin.py; map_shifted_tags_to_ref.py;Composite_plots_Vinesh(1).py,();-u 500 -d 500; -w 20
,Taf1-HS3min_XO211_vuv4-140518_Pugh50532sacCer3.cdt,161,S3,A,TFIID_(Taf1)_3min_XO,TFIID,Taf1,3min,XO,Taf1-HS3min_XO211_vuv4-140518_Pugh50532sacCer3.tab,activated.gff;nochange.gff;repressed_rp.gff,quantile_norm_singlebase_bin.py; map_shifted_tags_to_ref.py;Composite_plots_Vinesh(1).py,();-u 500 -d 500; -w 20
,Taf1-HS6min_XO211_vuv4-140518_Pugh50533sacCer3.cdt,162,S3,A,TFIID_(Taf1)_6min_XO,TFIID,Taf1,6min,XO,Taf1-HS6min_XO211_vuv4-140518_Pugh50533sacCer3.tab,activated.gff;nochange.gff;repressed_rp.gff,quantile_norm_singlebase_bin.py; map_shifted_tags_to_ref.py;Composite_plots_Vinesh(1).py,();-u 500 -d 500; -w 20
,Taf1-HS9min_XO211_vuv4-140518_Pugh50534sacCer3.cdt,163,S3,A,TFIID_(Taf1)_9min_XO,TFIID,Taf1,9min,XO,Taf1-HS9min_XO211_vuv4-140518_Pugh50534sacCer3.tab,activated.gff;nochange.gff;repressed_rp.gff,quantile_norm_singlebase_bin.py; map_shifted_tags_to_ref.py;Composite_plots_Vinesh(1).py,();-u 500 -d 500; -w 20
,Taf1-HS12min_XO211_vuv4-140518_Pugh50535sacCer3.cdt,164,S3,A,TFIID_(Taf1)_12min_XO,TFIID,Taf1,12min,XO,Taf1-HS12min_XO211_vuv4-140518_Pugh50535sacCer3.tab,activated.gff;nochange.gff;repressed_rp.gff,quantile_norm_singlebase_bin.py; map_shifted_tags_to_ref.py;Composite_plots_Vinesh(1).py,();-u 500 -d 500; -w 20
,Taf1-HS15min_XO211_vuv4-140518_Pugh50536sacCer3.cdt,165,S3,A,TFIID_(Taf1)_15min_XO,TFIID,Taf1,15min,XO,Taf1-HS15min_XO211_vuv4-140518_Pugh50536sacCer3.tab,activated.gff;nochange.gff;repressed_rp.gff,quantile_norm_singlebase_bin.py; map_shifted_tags_to_ref.py;Composite_plots_Vinesh(1).py,();-u 500 -d 500; -w 20
,Ssl2-HS0min_XO211_vuv4-140518_Pugh50519sacCer3.cdt,166,S3,A,TFIIH_(Ssl2)_0min_XO,TFIIH,Ssl2,0min,XO,Ssl2-HS0min_XO211_vuv4-140518_Pugh50519sacCer3.tab,activated.gff;nochange.gff;repressed_rp.gff,quantile_norm_singlebase_bin.py; map_shifted_tags_to_ref.py;Composite_plots_Vinesh(1).py,();-u 500 -d 500; -w 20
,Ssl2-HS3min_XO211_vuv4-140518_Pugh50520sacCer3.cdt,167,S3,A,TFIIH_(Ssl2)_3min_XO,TFIIH,Ssl2,3min,XO,Ssl2-HS3min_XO211_vuv4-140518_Pugh50520sacCer3.tab,activated.gff;nochange.gff;repressed_rp.gff,quantile_norm_singlebase_bin.py; map_shifted_tags_to_ref.py;Composite_plots_Vinesh(1).py,();-u 500 -d 500; -w 20
,Ssl2-HS6min_XO211_vuv4-140518_Pugh50521sacCer3.cdt,168,S3,A,TFIIH_(Ssl2)_6min_XO,TFIIH,Ssl2,6min,XO,Ssl2-HS6min_XO211_vuv4-140518_Pugh50521sacCer3.tab,activated.gff;nochange.gff;repressed_rp.gff,quantile_norm_singlebase_bin.py; map_shifted_tags_to_ref.py;Composite_plots_Vinesh(1).py,();-u 500 -d 500; -w 20
,Ssl2-HS9min_XO211_vuv4-140518_Pugh50522sacCer3.cdt,169,S3,A,TFIIH_(Ssl2)_9min_XO,TFIIH,Ssl2,9min,XO,Ssl2-HS9min_XO211_vuv4-140518_Pugh50522sacCer3.tab,activated.gff;nochange.gff;repressed_rp.gff,quantile_norm_singlebase_bin.py; map_shifted_tags_to_ref.py;Composite_plots_Vinesh(1).py,();-u 500 -d 500; -w 20
,Ssl2-HS12min_XO211_vuv4-140518_Pugh50523sacCer3.cdt,170,S3,A,TFIIH_(Ssl2)_12min_XO,TFIIH,Ssl2,12min,XO,Ssl2-HS12min_XO211_vuv4-140518_Pugh50523sacCer3.tab,activated.gff;nochange.gff;repressed_rp.gff,quantile_norm_singlebase_bin.py; map_shifted_tags_to_ref.py;Composite_plots_Vinesh(1).py,();-u 500 -d 500; -w 20
,Ssl2-HS15min_XO211_vuv4-140518_Pugh50524sacCer3.cdt,171,S3,A,TFIIH_(Ssl2)_15min_XO,TFIIH,Ssl2,15min,XO,Ssl2-HS15min_XO211_vuv4-140518_Pugh50524sacCer3.tab,activated.gff;nochange.gff;repressed_rp.gff,quantile_norm_singlebase_bin.py; map_shifted_tags_to_ref.py;Composite_plots_Vinesh(1).py,();-u 500 -d 500; -w 20
,Rpb3_MHS_51835sacCer3.cdt,172,S3,A,Pol II_(Rpb3)_0min_XO,Pol II,Rpb3,0min,XO,Rpb3_MHS_51835sacCer3.tab,activated.gff;nochange.gff;repressed_rp.gff,quantile_norm_singlebase_bin.py; map_shifted_tags_to_ref.py;Composite_plots_Vinesh(1).py,();-u 500 -d 500; -w 20
,Rpb3_HS3_51836sacCer3.cdt,173,S3,A,Pol II_(Rpb3)_3min_XO,Pol II,Rpb3,3min,XO,Rpb3_HS3_51836sacCer3.tab,activated.gff;nochange.gff;repressed_rp.gff,quantile_norm_singlebase_bin.py; map_shifted_tags_to_ref.py;Composite_plots_Vinesh(1).py,();-u 500 -d 500; -w 20
,Rpb3_HS6_51837sacCer3.cdt,174,S3,A,Pol II_(Rpb3)_6min_XO,Pol II,Rpb3,6min,XO,Rpb3_HS6_51837sacCer3.tab,activated.gff;nochange.gff;repressed_rp.gff,quantile_norm_singlebase_bin.py; map_shifted_tags_to_ref.py;Composite_plots_Vinesh(1).py,();-u 500 -d 500; -w 20
,Rpb3_HS9_51838sacCer3.cdt,175,S3,A,Pol II_(Rpb3)_9min_XO,Pol II,Rpb3,9min,XO,Rpb3_HS9_51838sacCer3.tab,activated.gff;nochange.gff;repressed_rp.gff,quantile_norm_singlebase_bin.py; map_shifted_tags_to_ref.py;Composite_plots_Vinesh(1).py,();-u 500 -d 500; -w 20
,Rpb3_HS12_51839sacCer3.cdt,176,S3,A,Pol II_(Rpb3)_12min_XO,Pol II,Rpb3,12min,XO,Rpb3_HS12_51839sacCer3.tab,activated.gff;nochange.gff;repressed_rp.gff,quantile_norm_singlebase_bin.py; map_shifted_tags_to_ref.py;Composite_plots_Vinesh(1).py,();-u 500 -d 500; -w 20
,Rpb3_HS15_51840sacCer3.cdt,177,S3,A,Pol II_(Rpb3)_15min_XO,Pol II,Rpb3,15min,XO,Rpb3_HS15_51840sacCer3.tab,activated.gff;nochange.gff;repressed_rp.gff,quantile_norm_singlebase_bin.py; map_shifted_tags_to_ref.py;Composite_plots_Vinesh(1).py,();-u 500 -d 500; -w 20
,Hsf1_HS0-Merge.cdt,178,S3,A,Hsf1_(Hsf1)_0min_XO,Hsf1,Hsf1,0min,XO,Hsf1_HS0-53301sacCer3.tab;Hsf1_BY4741_-_YPD_MHS_XO311_vuv4-151113_Pugh59801sacCer3.tab;Hsf1_BY4741_-_YPD_MHS_XO311_vuv4-151113_Pugh59804sacCer3.tab,activated.gff;nochange.gff;repressed_rp.gff,quantile_norm_singlebase_bin.py; map_shifted_tags_to_ref.py;Composite_plots_Vinesh(1).py,();-u 500 -d 500; -w 20
,Hsf1_HS03-Merge.cdt,179,S3,A,Hsf1_(Hsf1)_3min_XO,Hsf1,Hsf1,3min,XO,Hsf1_HS03-53302sacCer3.tab;Hsf1_BY4741_-_YPD_HS3_XO311_vuv4-151113_Pugh59802sacCer3.tab;Hsf1_BY4741_-_YPD_HS3_XO311_vuv4-151113_Pugh59805sacCer3.tab,activated.gff;nochange.gff;repressed_rp.gff,quantile_norm_singlebase_bin.py; map_shifted_tags_to_ref.py;Composite_plots_Vinesh(1).py,();-u 500 -d 500; -w 20
,Hsf1_HS06-Merge.cdt,180,S3,A,Hsf1_(Hsf1)_6min_XO,Hsf1,Hsf1,6min,XO,Hsf1_HS06-53303sacCer3.tab;Hsf1_BY4741_-_YPD_HS6_XO311_vuv4-151113_Pugh59803sacCer3.tab;Hsf1_BY4741_-_YPD_HS6_XO311_vuv4-151113_Pugh59806sacCer3.tab,activated.gff;nochange.gff;repressed_rp.gff,quantile_norm_singlebase_bin.py; map_shifted_tags_to_ref.py;Composite_plots_Vinesh(1).py,();-u 500 -d 500; -w 20
,,181,S3,B,See_(Figure)_2_,See,Figure,2,,,,,
,,182,,,,,,,,,,,
CHITVAN,,183,S4,A,SAGA_(Spt7)_0min_,SAGA,Spt7,0min,,,,,
CHITVAN,,184,S4,A,SAGA_(Ubp8)_0min_,SAGA,Ubp8,0min,,,,,
CHITVAN,,185,S4,A,SAGA_(Sgf11)_0min_,SAGA,Sgf11,0min,,,,,
CHITVAN,,186,S4,A,SAGA_(No tag)_0min_,SAGA,No tag,0min,,,,,
CHITVAN,,187,S4,A,SAGA_(Spt7)_5min?_,SAGA,Spt7,5min?,,,,,
CHITVAN,,188,S4,A,SAGA_(Ubp8)_5min?_,SAGA,Ubp8,5min?,,,,,
CHITVAN,,189,S4,A,SAGA_(Sgf11)_5min?_,SAGA,Sgf11,5min?,,,,,
CHITVAN,,190,S4,A,SAGA_(No tag)_5min?_,SAGA,No tag,5min?,,,,,
Missing file?,,191,S4,B,SAGA_(Spt3)_3min_XO,SAGA,Spt3,3min,XO,Spt3-HS3min_XO211_vuv4-140518_Pugh50526sacCer3.tab,fold_change_1.5_saga_nuc1.gff;fold_change_1.5_saga_nuc-1.gff;fold_change_1.5_saga_TSS.gff,,
,Spt3-HS3min_XO211_vuv4-140518_Pugh50526sacCer3.cdt,192,S4,C,SAGA_(Spt3)_3min_XO,SAGA,Spt3,3min,XO,Spt3-HS3min_XO211_vuv4-140518_Pugh50526sacCer3.tab,,quantile_norm_singlebase_bin.py; map_shifted_tags_to_ref.py;Composite_plots_shaded_bxp_Vinesh.py,();-u 450 -d 450; -w 20
,,193,,,_()__,,,,,,,,
MATT,,194,S5,,RSC_()_0min_XO,RSC,,0min,XO,,,,
MATT,,195,S5,,RSC_()_0min_XO,RSC,,0min,XO,,,,
MATT,,196,S5,,RSC_()_0min_XO,RSC,,0min,XO,,,,
MATT,,197,S5,,RSC_()_5min?_XO,RSC,,5min?,XO,,,,
MATT,,198,S5,,RSC_()_5min?_XO,RSC,,5min?,XO,,,,
MATT,,199,S5,,RSC_()_5min?_XO,RSC,,5min?,XO,,,,
,,200,,,_()__,,,,,,,,
,Tbp1_HS0-53319sacCer3.cdt,201,S6,A,TBP_(Spt15)_0min_XO,TBP,Spt15,0min,XO,Tbp1_HS0-53319sacCer3.tab,TATA_consensus_anti_Max_sort.bed,quantile_norm_singlebase_bin.py; map_shifted_tags_to_ref.py;Composite_plots_Vinesh (1).py,();-u 30 -d 100; -w 20 
,Tbp1_HS03-53320sacCer3.cdt,202,S6,A,TBP_(Spt15)_3min_XO,TBP,Spt15,3min,XO,Tbp1_HS03-53320sacCer3.tab,TATA_consensus_anti_Max_sort.bed,quantile_norm_singlebase_bin.py; map_shifted_tags_to_ref.py;Composite_plots_Vinesh (1).py,();-u 30 -d 100; -w 20 
,Tbp1_HS06-53321sacCer3.cdt,203,S6,A,TBP_(Spt15)_6min_XO,TBP,Spt15,6min,XO,Tbp1_HS06-53321sacCer3.tab,TATA_consensus_anti_Max_sort.bed,quantile_norm_singlebase_bin.py; map_shifted_tags_to_ref.py;Composite_plots_Vinesh (1).py,();-u 30 -d 100; -w 20 
,Sua7-HS0min_KS_Merge.cdt,204,S6,B,TFIIB_(Sua7)_0min_PS,TFIIB,Sua7,0min,PS,Sua7-HS0min_KS_vuv4-_Pugh56422sacCer3.tab;Sua7-HS0min_KS_vuv4-_Pugh56428sacCer3.tab,ALL-RP-SAGA-TFIID-SUT-CUT-XUT_TSS-TES-MID_sortedby_geneLength.gff,quantile_norm_singlebase_bin.py; map_shifted_tags_to_ref.py; sort_CDT_by_given_file.py,();-u 2000 -d 2000;-o 2
,Sua7_HS3_sum.txt,205,S6,C,TFIIB_(Sua7)_3min_XO,TFIIB,Sua7,3min,XO,Sua7_HS3_51830sacCer3.tab,RP_137_genes_TSS_Xu_2009_PURE_SET.gff;SAGA-activated_TSS_Xu_2009_ORF_PURE_SET.gff;SAGA-nochange_TSS_Xu_2009_ORF_PURE_SET.gff;SAGA-repressed_TSS_Xu_2009_ORF_PURE_SET.gff;TFIID-activated_TSS_Xu_2009_ORF_PURE_SET.gff;TFIID-nochange_TSS_Xu_2009_ORF_PURE_SET.gff;TFIID-repressed_TSS_Xu_2009_ORF_PURE_SET.gff,quantile_norm_singlebase_bin.py; map_shifted_tags_to_ref.py;calculate_sum_from_columns.py,(); -u 200 -d 200; -u 50 -d 50
,Sua7_HS6_sum.txt,206,S6,C,TFIIB_(Sua7)_6min_XO,TFIIB,Sua7,6min,XO,Sua7_HS6_51831sacCer3.tab,RP_137_genes_TSS_Xu_2009_PURE_SET.gff;SAGA-activated_TSS_Xu_2009_ORF_PURE_SET.gff;SAGA-nochange_TSS_Xu_2009_ORF_PURE_SET.gff;SAGA-repressed_TSS_Xu_2009_ORF_PURE_SET.gff;TFIID-activated_TSS_Xu_2009_ORF_PURE_SET.gff;TFIID-nochange_TSS_Xu_2009_ORF_PURE_SET.gff;TFIID-repressed_TSS_Xu_2009_ORF_PURE_SET.gff,quantile_norm_singlebase_bin.py; map_shifted_tags_to_ref.py;calculate_sum_from_columns.py,(); -u 200 -d 200; -u 50 -d 50
,Sua7-HS3min_sum.txt,207,S6,C,TFIIB_(Sua7)_3min_PS,TFIIB,Sua7,3min,PS,Sua7-HS3min_KS_vuv4-_Pugh56423sacCer3.tab;Sua7-HS0min_KS_vuv4-_Pugh56429sacCer3.tab,RP_137_genes_TSS_Xu_2009_PURE_SET.gff;SAGA-activated_TSS_Xu_2009_ORF_PURE_SET.gff;SAGA-nochange_TSS_Xu_2009_ORF_PURE_SET.gff;SAGA-repressed_TSS_Xu_2009_ORF_PURE_SET.gff;TFIID-activated_TSS_Xu_2009_ORF_PURE_SET.gff;TFIID-nochange_TSS_Xu_2009_ORF_PURE_SET.gff;TFIID-repressed_TSS_Xu_2009_ORF_PURE_SET.gff,quantile_norm_singlebase_bin.py; map_shifted_tags_to_ref.py;calculate_sum_from_columns.py,(); -u 200 -d 200; -u 50 -d 50
,Sua7-HS6min_sum.txt,208,S6,C,TFIIB_(Sua7)_6min_PS,TFIIB,Sua7,6min,PS,Sua7-HS6min_KS_vuv4-_Pugh56424sacCer3.tab;Sua7-HS0min_KS_vuv4-_Pugh56430sacCer3.tab,RP_137_genes_TSS_Xu_2009_PURE_SET.gff;SAGA-activated_TSS_Xu_2009_ORF_PURE_SET.gff;SAGA-nochange_TSS_Xu_2009_ORF_PURE_SET.gff;SAGA-repressed_TSS_Xu_2009_ORF_PURE_SET.gff;TFIID-activated_TSS_Xu_2009_ORF_PURE_SET.gff;TFIID-nochange_TSS_Xu_2009_ORF_PURE_SET.gff;TFIID-repressed_TSS_Xu_2009_ORF_PURE_SET.gff,quantile_norm_singlebase_bin.py; map_shifted_tags_to_ref.py;calculate_sum_from_columns.py,(); -u 200 -d 200; -u 50 -d 50
,,209,,,_()__,,,,,,,,
,Rpb3_i5006_BY4741_-_YPD_MHS_XO411_vuv4-141007_Pugh53816sacCer3.cdt,210,S7,-,Pol II_(Rpb3)_Mock_XO,Pol II,Rpb3,Mock,XO,Rpb3_i5006_BY4741_-_YPD_MHS_XO411_vuv4-141007_Pugh53816sacCer3.tab,ALL-RP-SAGA-TFIID-SUT-CUT-XUT_TSS-TES-MID_sortedby_geneLength.gff,quantile_norm_singlebase_bin.py; map_shifted_tags_to_ref.py; sort_CDT_by_given_file.py,();-u 2000 -d 2000;-o 2
,Ser7P_04-1570_BY4741_-_YPD_MHS_XO111_vuv4-141007_Pugh53814sacCer3.cdt,211,S7,-,Pol II_(Ser7p)_Mock_XO,Pol II,Ser7p,Mock,XO,Ser7P_04-1570_BY4741_-_YPD_MHS_XO111_vuv4-141007_Pugh53814sacCer3.tab,ALL-RP-SAGA-TFIID-SUT-CUT-XUT_TSS-TES-MID_sortedby_geneLength.gff,quantile_norm_singlebase_bin.py; map_shifted_tags_to_ref.py; sort_CDT_by_given_file.py,();-u 2000 -d 2000;-o 2
,Ser5P_04-1572_BY4741_-_YPD_MHS_XO111_vuv4-141007_Pugh53811sacCer3.cdt,212,S7,-,Pol II_(Ser5p)_Mock_XO,Pol II,Ser5p,Mock,XO,Ser5P_04-1572_BY4741_-_YPD_MHS_XO111_vuv4-141007_Pugh53811sacCer3.tab,ALL-RP-SAGA-TFIID-SUT-CUT-XUT_TSS-TES-MID_sortedby_geneLength.gff,quantile_norm_singlebase_bin.py; map_shifted_tags_to_ref.py; sort_CDT_by_given_file.py,();-u 2000 -d 2000;-o 2
,Ser2P_04-1571_BY4741_-_YPD_HS3_XO111_vuv4-141007_Pugh53810sacCer3.cdt,213,S7,-,Pol II_(Ser2p)_Mock_XO,Pol II,Ser2p,Mock,XO,Ser2P_04-1571_BY4741_-_YPD_HS3_XO111_vuv4-141007_Pugh53810sacCer3.tab,ALL-RP-SAGA-TFIID-SUT-CUT-XUT_TSS-TES-MID_sortedby_geneLength.gff,quantile_norm_singlebase_bin.py; map_shifted_tags_to_ref.py; sort_CDT_by_given_file.py,();-u 2000 -d 2000;-o 2
,Rpb3_HS3_51836sacCer3.cdt,214,S7,-,Pol II_(Rpb3)_3min_XO,Pol II,Rpb3,3min,XO,Rpb3_HS3_51836sacCer3.tab,ALL-RP-SAGA-TFIID-SUT-CUT-XUT_TSS-TES-MID_sortedby_geneLength.gff,quantile_norm_singlebase_bin.py; map_shifted_tags_to_ref.py; sort_CDT_by_given_file.py,();-u 2000 -d 2000;-o 2
,Ser7P_04-1570_BY4741_-_YPD_HS3_XO111_vuv4-141007_Pugh53815sacCer3.cdt,215,S7,-,Pol II_(Ser7p)_3min_XO,Pol II,Ser7p,3min,XO,Ser7P_04-1570_BY4741_-_YPD_HS3_XO111_vuv4-141007_Pugh53815sacCer3.tab,ALL-RP-SAGA-TFIID-SUT-CUT-XUT_TSS-TES-MID_sortedby_geneLength.gff,quantile_norm_singlebase_bin.py; map_shifted_tags_to_ref.py; sort_CDT_by_given_file.py,();-u 2000 -d 2000;-o 2
,Ser5P_04-1572_BY4741_-_YPD_HS3_XO111_vuv4-141007_Pugh53812sacCer3.cdt,216,S7,-,Pol II_(Ser5p)_3min_XO,Pol II,Ser5p,3min,XO,Ser5P_04-1572_BY4741_-_YPD_HS3_XO111_vuv4-141007_Pugh53812sacCer3.tab,ALL-RP-SAGA-TFIID-SUT-CUT-XUT_TSS-TES-MID_sortedby_geneLength.gff,quantile_norm_singlebase_bin.py; map_shifted_tags_to_ref.py; sort_CDT_by_given_file.py,();-u 2000 -d 2000;-o 2
,Ser2P_04-1571_BY4741_-_YPD_HS3_XO111_vuv4-141007_Pugh53810sacCer3.cdt,217,S7,-,Pol II_(Ser2p)_3min_XO,Pol II,Ser2p,3min,XO,Ser2P_04-1571_BY4741_-_YPD_HS3_XO111_vuv4-141007_Pugh53810sacCer3.tab,ALL-RP-SAGA-TFIID-SUT-CUT-XUT_TSS-TES-MID_sortedby_geneLength.gff,quantile_norm_singlebase_bin.py; map_shifted_tags_to_ref.py; sort_CDT_by_given_file.py,();-u 2000 -d 2000;-o 2
